行け,687,687,3833,動詞,自立,*,*,五段・カ行促音便,未然形・母音調和,行く,イカ,イカ
行け,1074,1074,6239,動詞,非自立,*,*,五段・カ行促音便,未然形・母音調和,行く,イカ,イカ
こせ,725,725,8490,動詞,自立,*,*,五段・サ行,未然形・母音調和,こす,コセ,コセ
そめ,769,769,8760,動詞,自立,*,*,五段・マ行,未然形・母音調和,そむ,ソメ,ソメ
黙れ,792,792,6198,動詞,自立,*,*,五段・ラ行,未然形・母音調和,黙る,ダマレ,ダマレ
かわけ,665,665,8501,動詞,自立,*,*,五段・カ行イ音便,未然形・母音調和,かわく,カワケ,カワケ
欠け,665,665,6214,動詞,自立,*,*,五段・カ行イ音便,未然形・母音調和,欠く,カケ,カケ
頼め,769,769,6180,動詞,自立,*,*,五段・マ行,未然形・母音調和,頼む,タノメ,タノメ
はげ,714,714,8563,動詞,自立,*,*,五段・ガ行,未然形・母音調和,はぐ,ハゲ,ハゲ
染め,769,769,6199,動詞,自立,*,*,五段・マ行,未然形・母音調和,染む,シメ,シメ
隠れ,792,792,6198,動詞,自立,*,*,五段・ラ行,未然形・母音調和,隠る,コモレ,コモレ
なれ,792,792,7056,動詞,自立,*,*,五段・ラ行,未然形・母音調和,なる,ナレ,ナレ
けせ,725,725,8488,動詞,自立,*,*,五段・サ行,未然形・母音調和,けす,ケセ,ケセ
飼え,852,852,6202,動詞,自立,*,*,五段・ワ行促音便,未然形・母音調和,飼う,カエ,カエ
ぼれ,792,792,8669,動詞,自立,*,*,五段・ラ行,未然形・母音調和,ぼる,ボレ,ボレ
せれ,792,792,8639,動詞,自立,*,*,五段・ラ行,未然形・母音調和,せる,セレ,セレ
うかせ,725,725,8481,動詞,自立,*,*,五段・サ行,未然形・母音調和,うかす,ウカセ,ウカセ
かませ,725,725,8481,動詞,自立,*,*,五段・サ行,未然形・母音調和,かます,カマセ,カマセ
直れ,792,792,6198,動詞,自立,*,*,五段・ラ行,未然形・母音調和,直る,ナオレ,ナオレ
出会え,852,852,6198,動詞,自立,*,*,五段・ワ行促音便,未然形・母音調和,出会う,デアエ,デアエ
いため,769,769,8481,動詞,自立,*,*,五段・マ行,未然形・母音調和,いたむ,イタメ,イタメ
含まれ,792,792,6198,動詞,自立,*,*,五段・ラ行,未然形・母音調和,含まる,フクマレ,フクマレ
はいれ,792,792,8709,動詞,自立,*,*,五段・ラ行,未然形・母音調和,はいる,ハイレ,ハイレ
あざなえ,852,852,8481,動詞,自立,*,*,五段・ワ行促音便,未然形・母音調和,あざなう,アザナエ,アザナエ
作れ,792,792,6179,動詞,自立,*,*,五段・ラ行,未然形・母音調和,作る,ツクレ,ツクレ
もれ,792,792,8939,動詞,自立,*,*,五段・ラ行,未然形・母音調和,もる,モレ,モレ
ともせ,725,725,8481,動詞,自立,*,*,五段・サ行,未然形・母音調和,ともす,トモセ,トモセ
返せ,725,725,6203,動詞,自立,*,*,五段・サ行,未然形・母音調和,返す,カエセ,カエセ
ひけ,665,665,8487,動詞,自立,*,*,五段・カ行イ音便,未然形・母音調和,ひく,ヒケ,ヒケ
待ち合わせ,725,725,6198,動詞,自立,*,*,五段・サ行,未然形・母音調和,待ち合わす,マチアワセ,マチアワセ
いこめ,769,769,8481,動詞,自立,*,*,五段・マ行,未然形・母音調和,いこむ,イコメ,イコメ
たのしめ,769,769,8483,動詞,自立,*,*,五段・マ行,未然形・母音調和,たのしむ,タノシメ,タノシメ
こえ,831,831,8994,動詞,自立,*,*,五段・ワ行ウ音便,未然形・母音調和,こう,コエ,コエ
喜べ,758,758,6198,動詞,自立,*,*,五段・バ行,未然形・母音調和,喜ぶ,ヨロコベ,ヨロコベ
歌え,852,852,6438,動詞,自立,*,*,五段・ワ行促音便,未然形・母音調和,歌う,ウタエ,ウタエ
計れ,792,792,6198,動詞,自立,*,*,五段・ラ行,未然形・母音調和,計る,ハカレ,ハカレ
とりあえ,852,852,8482,動詞,自立,*,*,五段・ワ行促音便,未然形・母音調和,とりあう,トリアエ,トリアエ
期せ,725,725,6198,動詞,自立,*,*,五段・サ行,未然形・母音調和,期す,キセ,キセ
伝われ,792,792,6197,動詞,自立,*,*,五段・ラ行,未然形・母音調和,伝わる,ツタワレ,ツタワレ
たがれ,792,792,8481,動詞,自立,*,*,五段・ラ行,未然形・母音調和,たがる,タガレ,タガレ
おけ,665,665,8772,動詞,自立,*,*,五段・カ行イ音便,未然形・母音調和,おく,オケ,オケ
遣え,852,852,6205,動詞,自立,*,*,五段・ワ行促音便,未然形・母音調和,遣う,ツカエ,ツカエ
くじけ,665,665,8481,動詞,自立,*,*,五段・カ行イ音便,未然形・母音調和,くじく,クジケ,クジケ
おれ,1273,1273,8996,動詞,非自立,*,*,五段・ラ行,未然形・母音調和,おる,オレ,オレ
せ,469,469,7709,動詞,接尾,*,*,五段・サ行,未然形・母音調和,す,セ,セ
破れ,792,792,6197,動詞,自立,*,*,五段・ラ行,未然形・母音調和,破る,ヤブレ,ヤブレ
出せ,1128,1128,7449,動詞,非自立,*,*,五段・サ行,未然形・母音調和,出す,ダセ,ダセ
そえ,852,852,8851,動詞,自立,*,*,五段・ワ行促音便,未然形・母音調和,そう,ソエ,ソエ
験せ,725,725,6198,動詞,自立,*,*,五段・サ行,未然形・母音調和,験す,タメセ,タメセ
まけ,665,665,8491,動詞,自立,*,*,五段・カ行イ音便,未然形・母音調和,まく,マケ,マケ
しとれ,792,792,8481,動詞,自立,*,*,五段・ラ行,未然形・母音調和,しとる,シトレ,シトレ
打ち合わせ,725,725,6198,動詞,自立,*,*,五段・サ行,未然形・母音調和,打ち合わす,ウチアワセ,ウチアワセ
思え,852,852,6142,動詞,自立,*,*,五段・ワ行促音便,未然形・母音調和,思う,オモエ,オモエ
刺され,792,792,6247,動詞,自立,*,*,五段・ラ行,未然形・母音調和,刺さる,ササレ,ササレ
くされ,792,792,8481,動詞,自立,*,*,五段・ラ行,未然形・母音調和,くさる,クサレ,クサレ
みとれ,792,792,8481,動詞,自立,*,*,五段・ラ行,未然形・母音調和,みとる,ミトレ,ミトレ
まくれ,792,792,8501,動詞,自立,*,*,五段・ラ行,未然形・母音調和,まくる,マクレ,マクレ
分かて,735,735,6773,動詞,自立,*,*,五段・タ行,未然形・母音調和,分かつ,ワカテ,ワカテ
休まれ,792,792,6198,動詞,自立,*,*,五段・ラ行,未然形・母音調和,休まる,ヤスマレ,ヤスマレ
もうせ,725,725,8522,動詞,自立,*,*,五段・サ行,未然形・母音調和,もうす,モウセ,モーセ
歩け,665,665,6207,動詞,自立,*,*,五段・カ行イ音便,未然形・母音調和,歩く,アルケ,アルケ
絡まれ,792,792,6198,動詞,自立,*,*,五段・ラ行,未然形・母音調和,絡まる,カラマレ,カラマレ
のこれ,792,792,8485,動詞,自立,*,*,五段・ラ行,未然形・母音調和,のこる,ノコレ,ノコレ
もとれ,792,792,8481,動詞,自立,*,*,五段・ラ行,未然形・母音調和,もとる,モトレ,モトレ
優れ,792,792,6198,動詞,自立,*,*,五段・ラ行,未然形・母音調和,優る,マサレ,マサレ
話せ,725,725,6079,動詞,自立,*,*,五段・サ行,未然形・母音調和,話す,ハナセ,ハナセ
逢え,852,852,6199,動詞,自立,*,*,五段・ワ行促音便,未然形・母音調和,逢う,アエ,アエ
けがせ,725,725,8481,動詞,自立,*,*,五段・サ行,未然形・母音調和,けがす,ケガセ,ケガセ
活かせ,725,725,6224,動詞,自立,*,*,五段・サ行,未然形・母音調和,活かす,イカセ,イカセ
かなえ,852,852,8535,動詞,自立,*,*,五段・ワ行促音便,未然形・母音調和,かなう,カナエ,カナエ
えれ,792,792,8621,動詞,自立,*,*,五段・ラ行,未然形・母音調和,える,エレ,エレ
寄越せ,725,725,6196,動詞,自立,*,*,五段・サ行,未然形・母音調和,寄越す,ヨコセ,ヨコセ
てれ,792,792,8592,動詞,自立,*,*,五段・ラ行,未然形・母音調和,てる,テレ,テレ
どけ,1027,1027,8983,動詞,非自立,*,*,五段・カ行イ音便,未然形・母音調和,どく,ドケ,ドケ
やけ,665,665,8489,動詞,自立,*,*,五段・カ行イ音便,未然形・母音調和,やく,ヤケ,ヤケ
あれ,1272,1272,8332,動詞,非自立,*,*,五段・ラ行,未然形・母音調和,ある,アレ,アレ
なげ,714,714,8537,動詞,自立,*,*,五段・ガ行,未然形・母音調和,なぐ,ナゲ,ナゲ
止まれ,792,792,6198,動詞,自立,*,*,五段・ラ行,未然形・母音調和,止まる,トマレ,トマレ
しまえ,852,852,8702,動詞,自立,*,*,五段・ワ行促音便,未然形・母音調和,しまう,シマエ,シマエ
張れ,792,792,6202,動詞,自立,*,*,五段・ラ行,未然形・母音調和,張る,ハレ,ハレ
行かせ,725,725,6224,動詞,自立,*,*,五段・サ行,未然形・母音調和,行かす,イカセ,イカセ
あがれ,792,792,8480,動詞,自立,*,*,五段・ラ行,未然形・母音調和,あがる,アガレ,アガレ
もて,735,735,8115,動詞,自立,*,*,五段・タ行,未然形・母音調和,もつ,モテ,モテ
捌け,665,665,6198,動詞,自立,*,*,五段・カ行イ音便,未然形・母音調和,捌く,サバケ,サバケ
儲かれ,792,792,6198,動詞,自立,*,*,五段・ラ行,未然形・母音調和,儲かる,モウカレ,モーカレ
添え,852,852,6198,動詞,自立,*,*,五段・ワ行促音便,未然形・母音調和,添う,ソエ,ソエ
くめ,769,769,8565,動詞,自立,*,*,五段・マ行,未然形・母音調和,くむ,クメ,クメ
くれ,792,792,8543,動詞,自立,*,*,五段・ラ行,未然形・母音調和,くる,クレ,クレ
伏せ,725,725,6198,動詞,自立,*,*,五段・サ行,未然形・母音調和,伏す,フセ,フセ
焼け,665,665,6200,動詞,自立,*,*,五段・カ行イ音便,未然形・母音調和,焼く,ヤケ,ヤケ
かおれ,792,792,8815,動詞,自立,*,*,五段・ラ行,未然形・母音調和,かおる,カオレ,カオレ
潜れ,792,792,6198,動詞,自立,*,*,五段・ラ行,未然形・母音調和,潜る,モグレ,モグレ
潜れ,792,792,6198,動詞,自立,*,*,五段・ラ行,未然形・母音調和,潜る,クグレ,クグレ
つながれ,792,792,8480,動詞,自立,*,*,五段・ラ行,未然形・母音調和,つながる,ツナガレ,ツナガレ
聞き入れ,792,792,6198,動詞,自立,*,*,五段・ラ行,未然形・母音調和,聞き入る,キキイレ,キキイレ
失せ,725,725,6198,動詞,自立,*,*,五段・サ行,未然形・母音調和,失す,シッセ,シッセ
描け,665,665,6198,動詞,自立,*,*,五段・カ行イ音便,未然形・母音調和,描く,エガケ,エガケ
描け,665,665,6214,動詞,自立,*,*,五段・カ行イ音便,未然形・母音調和,描く,カケ,カケ
走らせ,725,725,6198,動詞,自立,*,*,五段・サ行,未然形・母音調和,走らす,ハシラセ,ハシラセ
可愛がれ,792,792,6198,動詞,自立,*,*,五段・ラ行,未然形・母音調和,可愛がる,カワイガレ,カワイガレ
かけ,665,665,8641,動詞,自立,*,*,五段・カ行イ音便,未然形・母音調和,かく,カケ,カケ
誇れ,792,792,6198,動詞,自立,*,*,五段・ラ行,未然形・母音調和,誇る,ホコレ,ホコレ
戻れ,792,792,6198,動詞,自立,*,*,五段・ラ行,未然形・母音調和,戻る,モドレ,モドレ
題せ,725,725,6198,動詞,自立,*,*,五段・サ行,未然形・母音調和,題す,ダイセ,ダイセ
残れ,792,792,6063,動詞,自立,*,*,五段・ラ行,未然形・母音調和,残る,ノコレ,ノコレ
知らせ,725,725,6198,動詞,自立,*,*,五段・サ行,未然形・母音調和,知らす,シラセ,シラセ
見切れ,792,792,6198,動詞,自立,*,*,五段・ラ行,未然形・母音調和,見切る,ミキレ,ミキレ
払え,852,852,6184,動詞,自立,*,*,五段・ワ行促音便,未然形・母音調和,払う,ハラエ,ハラエ
行け,1074,1074,7408,動詞,非自立,*,*,五段・カ行促音便,未然形・母音調和,行く,イケ,イケ
いめ,769,769,8502,動詞,自立,*,*,五段・マ行,未然形・母音調和,いむ,イメ,イメ
飛び込め,769,769,6198,動詞,自立,*,*,五段・マ行,未然形・母音調和,飛び込む,トビコメ,トビコメ
狙え,852,852,6198,動詞,自立,*,*,五段・ワ行促音便,未然形・母音調和,狙う,ネラエ,ネラエ
甘やかせ,725,725,6198,動詞,自立,*,*,五段・サ行,未然形・母音調和,甘やかす,アマヤカセ,アマヤカセ
しゃべれ,792,792,8481,動詞,自立,*,*,五段・ラ行,未然形・母音調和,しゃべる,シャベレ,シャベレ
休め,769,769,6199,動詞,自立,*,*,五段・マ行,未然形・母音調和,休む,ヤスメ,ヤスメ
しれ,792,792,7935,動詞,自立,*,*,五段・ラ行,未然形・母音調和,しる,シレ,シレ
いれ,792,792,8392,動詞,自立,*,*,五段・ラ行,未然形・母音調和,いる,イレ,イレ
であるけ,665,665,8481,動詞,自立,*,*,五段・カ行イ音便,未然形・母音調和,であるく,デアルケ,デアルケ
いとえ,852,852,8482,動詞,自立,*,*,五段・ワ行促音便,未然形・母音調和,いとう,イトエ,イトエ
帰れ,792,792,6270,動詞,自立,*,*,五段・ラ行,未然形・母音調和,帰る,カエレ,カエレ
よりきれ,792,792,8481,動詞,自立,*,*,五段・ラ行,未然形・母音調和,よりきる,ヨリキレ,ヨリキレ
遊べ,758,758,6182,動詞,自立,*,*,五段・バ行,未然形・母音調和,遊ぶ,アソベ,アソベ
間違え,852,852,6301,動詞,自立,*,*,五段・ワ行促音便,未然形・母音調和,間違う,マチガエ,マチガエ
続け,1030,1030,7635,動詞,非自立,*,*,五段・カ行イ音便,未然形・母音調和,続く,ツヅケ,ツズケ
つげ,714,714,8674,動詞,自立,*,*,五段・ガ行,未然形・母音調和,つぐ,ツゲ,ツゲ
はれ,792,792,8255,動詞,自立,*,*,五段・ラ行,未然形・母音調和,はる,ハレ,ハレ
かこえ,852,852,8522,動詞,自立,*,*,五段・ワ行促音便,未然形・母音調和,かこう,カコエ,カコエ
がれ,480,480,6911,動詞,接尾,*,*,五段・ラ行,未然形・母音調和,がる,ガレ,ガレ
かぎれ,792,792,8481,動詞,自立,*,*,五段・ラ行,未然形・母音調和,かぎる,カギレ,カギレ
生め,769,769,6342,動詞,自立,*,*,五段・マ行,未然形・母音調和,生む,ウメ,ウメ
おくれ,792,792,8481,動詞,自立,*,*,五段・ラ行,未然形・母音調和,おくる,オクレ,オクレ
挟まれ,792,792,6198,動詞,自立,*,*,五段・ラ行,未然形・母音調和,挟まる,ハサマレ,ハサマレ
外せ,725,725,6198,動詞,自立,*,*,五段・サ行,未然形・母音調和,外す,ハズセ,ハズセ
ひそめ,769,769,8481,動詞,自立,*,*,五段・マ行,未然形・母音調和,ひそむ,ヒソメ,ヒソメ
しね,747,747,8539,動詞,自立,*,*,五段・ナ行,未然形・母音調和,しぬ,シネ,シネ
まぎれ,792,792,8481,動詞,自立,*,*,五段・ラ行,未然形・母音調和,まぎる,マギレ,マギレ
だまれ,792,792,8481,動詞,自立,*,*,五段・ラ行,未然形・母音調和,だまる,ダマレ,ダマレ
つめ,769,769,8483,動詞,自立,*,*,五段・マ行,未然形・母音調和,つむ,ツメ,ツメ
向け,665,665,5937,動詞,自立,*,*,五段・カ行イ音便,未然形・母音調和,向く,ムケ,ムケ
照れ,792,792,6198,動詞,自立,*,*,五段・ラ行,未然形・母音調和,照る,テレ,テレ
けれ,792,792,8496,動詞,自立,*,*,五段・ラ行,未然形・母音調和,ける,ケレ,ケレ
付き合え,852,852,6005,動詞,自立,*,*,五段・ワ行促音便,未然形・母音調和,付き合う,ツキアエ,ツキアエ
ゆるせ,725,725,8484,動詞,自立,*,*,五段・サ行,未然形・母音調和,ゆるす,ユルセ,ユルセ
掘れ,792,792,6198,動詞,自立,*,*,五段・ラ行,未然形・母音調和,掘る,ホレ,ホレ
来れ,792,792,5797,動詞,自立,*,*,五段・ラ行,未然形・母音調和,来る,キタレ,キタレ
どれ,1271,1271,8997,動詞,非自立,*,*,五段・ラ行,未然形・母音調和,どる,ドレ,ドレ
やかせ,725,725,8481,動詞,自立,*,*,五段・サ行,未然形・母音調和,やかす,ヤカセ,ヤカセ
探せ,725,725,6198,動詞,自立,*,*,五段・サ行,未然形・母音調和,探す,サガセ,サガセ
せけ,665,665,8482,動詞,自立,*,*,五段・カ行イ音便,未然形・母音調和,せく,セケ,セケ
揃え,852,852,6198,動詞,自立,*,*,五段・ワ行促音便,未然形・母音調和,揃う,ソロエ,ソロエ
ばれ,792,792,8800,動詞,自立,*,*,五段・ラ行,未然形・母音調和,ばる,バレ,バレ
鋤け,665,665,6425,動詞,自立,*,*,五段・カ行イ音便,未然形・母音調和,鋤く,スケ,スケ
ほれ,792,792,8495,動詞,自立,*,*,五段・ラ行,未然形・母音調和,ほる,ホレ,ホレ
笑え,852,852,6477,動詞,自立,*,*,五段・ワ行促音便,未然形・母音調和,笑う,ワラエ,ワラエ
そそれ,792,792,8481,動詞,自立,*,*,五段・ラ行,未然形・母音調和,そそる,ソソレ,ソソレ
付け,665,665,6471,動詞,自立,*,*,五段・カ行イ音便,未然形・母音調和,付く,ツケ,ツケ
釣れ,792,792,6137,動詞,自立,*,*,五段・ラ行,未然形・母音調和,釣る,ツレ,ツレ
のけ,665,665,8500,動詞,自立,*,*,五段・カ行イ音便,未然形・母音調和,のく,ノケ,ノケ
立て,735,735,6263,動詞,自立,*,*,五段・タ行,未然形・母音調和,立つ,タテ,タテ
ついて行け,686,686,8553,動詞,自立,*,*,五段・カ行促音便,未然形・母音調和,ついて行く,ツイテイケ,ツイテイケ
ついて行け,686,686,8553,動詞,自立,*,*,五段・カ行促音便,未然形・母音調和,ついて行く,ツイテユケ,ツイテユケ
吹かせ,725,725,6956,動詞,自立,*,*,五段・サ行,未然形・母音調和,吹かす,フカセ,フカセ
たけれ,792,792,8482,動詞,自立,*,*,五段・ラ行,未然形・母音調和,たける,タケレ,タケレ
取り付け,665,665,6198,動詞,自立,*,*,五段・カ行イ音便,未然形・母音調和,取り付く,トリツケ,トリツケ
かもせ,725,725,8608,動詞,自立,*,*,五段・サ行,未然形・母音調和,かもす,カモセ,カモセ
につけ,665,665,8556,動詞,自立,*,*,五段・カ行イ音便,未然形・母音調和,につく,ニツケ,ニツケ
言え,832,832,6156,動詞,自立,*,*,五段・ワ行ウ音便,未然形・母音調和,言う,ユエ,ユエ
持ち切れ,792,792,6198,動詞,自立,*,*,五段・ラ行,未然形・母音調和,持ち切る,モチキレ,モチキレ
聞かせ,725,725,6197,動詞,自立,*,*,五段・サ行,未然形・母音調和,聞かす,キカセ,キカセ
吸え,831,831,6245,動詞,自立,*,*,五段・ワ行ウ音便,未然形・母音調和,吸う,スエ,スエ
つなげ,714,714,8481,動詞,自立,*,*,五段・ガ行,未然形・母音調和,つなぐ,ツナゲ,ツナゲ
言い合え,852,852,6193,動詞,自立,*,*,五段・ワ行促音便,未然形・母音調和,言い合う,イイアエ,イーアエ
乗れ,792,792,5920,動詞,自立,*,*,五段・ラ行,未然形・母音調和,乗る,ノレ,ノレ
聞け,665,665,6393,動詞,自立,*,*,五段・カ行イ音便,未然形・母音調和,聞く,キケ,キケ
はやらせ,725,725,8481,動詞,自立,*,*,五段・サ行,未然形・母音調和,はやらす,ハヤラセ,ハヤラセ
触れ合え,852,852,6199,動詞,自立,*,*,五段・ワ行促音便,未然形・母音調和,触れ合う,フレアエ,フレアエ
切れ,792,792,5253,動詞,自立,*,*,五段・ラ行,未然形・母音調和,切る,キレ,キレ
よれ,792,792,7930,動詞,自立,*,*,五段・ラ行,未然形・母音調和,よる,ヨレ,ヨレ
込め,1145,1145,7572,動詞,非自立,*,*,五段・マ行,未然形・母音調和,込む,コメ,コメ
いけ,666,666,7740,動詞,自立,*,*,五段・カ行イ音便,未然形・母音調和,いく,イケ,イケ
並べ,758,758,6198,動詞,自立,*,*,五段・バ行,未然形・母音調和,並ぶ,ナラベ,ナラベ
通せ,725,725,6198,動詞,自立,*,*,五段・サ行,未然形・母音調和,通す,トオセ,トーセ
登れ,792,792,6173,動詞,自立,*,*,五段・ラ行,未然形・母音調和,登る,ノボレ,ノボレ
うとめ,769,769,8481,動詞,自立,*,*,五段・マ行,未然形・母音調和,うとむ,ウトメ,ウトメ
うかれ,792,792,8481,動詞,自立,*,*,五段・ラ行,未然形・母音調和,うかる,ウカレ,ウカレ
まされ,792,792,8481,動詞,自立,*,*,五段・ラ行,未然形・母音調和,まさる,マサレ,マサレ
書け,665,665,6070,動詞,自立,*,*,五段・カ行イ音便,未然形・母音調和,書く,カケ,カケ
吸え,852,852,6245,動詞,自立,*,*,五段・ワ行促音便,未然形・母音調和,吸う,スエ,スエ
働け,665,665,6348,動詞,自立,*,*,五段・カ行イ音便,未然形・母音調和,働く,ハタラケ,ハタラケ
もやせ,725,725,8481,動詞,自立,*,*,五段・サ行,未然形・母音調和,もやす,モヤセ,モヤセ
そらせ,725,725,8481,動詞,自立,*,*,五段・サ行,未然形・母音調和,そらす,ソラセ,ソラセ
いつけ,665,665,8481,動詞,自立,*,*,五段・カ行イ音便,未然形・母音調和,いつく,イツケ,イツケ
見渡せ,725,725,6198,動詞,自立,*,*,五段・サ行,未然形・母音調和,見渡す,ミワタセ,ミワタセ
繋げ,714,714,6199,動詞,自立,*,*,五段・ガ行,未然形・母音調和,繋ぐ,ツナゲ,ツナゲ
落とせ,725,725,6165,動詞,自立,*,*,五段・サ行,未然形・母音調和,落とす,オトセ,オトセ
降れ,792,792,6592,動詞,自立,*,*,五段・ラ行,未然形・母音調和,降る,フレ,フレ
降れ,792,792,6599,動詞,自立,*,*,五段・ラ行,未然形・母音調和,降る,クダレ,クダレ
思い出せ,725,725,6189,動詞,自立,*,*,五段・サ行,未然形・母音調和,思い出す,オモイダセ,オモイダセ
たくれ,792,792,8481,動詞,自立,*,*,五段・ラ行,未然形・母音調和,たくる,タクレ,タクレ
役に立て,735,735,6198,動詞,自立,*,*,五段・タ行,未然形・母音調和,役に立つ,ヤクニタテ,ヤクニタテ
分かれ,792,792,5660,動詞,自立,*,*,五段・ラ行,未然形・母音調和,分かる,ワカレ,ワカレ
あふれ,792,792,8481,動詞,自立,*,*,五段・ラ行,未然形・母音調和,あふる,アフレ,アフレ
言い聞かせ,725,725,6198,動詞,自立,*,*,五段・サ行,未然形・母音調和,言い聞かす,イイキカセ,イーキカセ
ゆるめ,769,769,8481,動詞,自立,*,*,五段・マ行,未然形・母音調和,ゆるむ,ユルメ,ユルメ
ぼやけ,665,665,8481,動詞,自立,*,*,五段・カ行イ音便,未然形・母音調和,ぼやく,ボヤケ,ボヤケ
解け,665,665,6038,動詞,自立,*,*,五段・カ行イ音便,未然形・母音調和,解く,トケ,トケ
解け,665,665,6388,動詞,自立,*,*,五段・カ行イ音便,未然形・母音調和,解く,ホドケ,ホドケ
揺れ,792,792,6198,動詞,自立,*,*,五段・ラ行,未然形・母音調和,揺る,ユレ,ユレ
ひかれ,792,792,8506,動詞,自立,*,*,五段・ラ行,未然形・母音調和,ひかる,ヒカレ,ヒカレ
みて,735,735,8518,動詞,自立,*,*,五段・タ行,未然形・母音調和,みつ,ミテ,ミテ
入り込め,769,769,6198,動詞,自立,*,*,五段・マ行,未然形・母音調和,入り込む,ハイリコメ,ハイリコメ
入り込め,769,769,6198,動詞,自立,*,*,五段・マ行,未然形・母音調和,入り込む,イリコメ,イリコメ
違え,852,852,6156,動詞,自立,*,*,五段・ワ行促音便,未然形・母音調和,違う,チガエ,チガエ
すれ,793,793,6922,動詞,自立,*,*,五段・ラ行,未然形・母音調和,する,スレ,スレ
なれ,1276,1276,8671,動詞,非自立,*,*,五段・ラ行,未然形・母音調和,なる,ナレ,ナレ
掴め,769,769,6198,動詞,自立,*,*,五段・マ行,未然形・母音調和,掴む,ツカメ,ツカメ
もらえ,1432,1432,9175,動詞,非自立,*,*,五段・ワ行促音便,未然形・母音調和,もらう,モラエ,モラエ
たたけ,665,665,8481,動詞,自立,*,*,五段・カ行イ音便,未然形・母音調和,たたく,タタケ,タタケ
分て,735,735,6199,動詞,自立,*,*,五段・タ行,未然形・母音調和,分つ,ワカテ,ワカテ
越せ,725,725,6387,動詞,自立,*,*,五段・サ行,未然形・母音調和,越す,コセ,コセ
いけ,1072,1072,8323,動詞,非自立,*,*,五段・カ行促音便,未然形・母音調和,いく,イケ,イケ
許せ,725,725,6201,動詞,自立,*,*,五段・サ行,未然形・母音調和,許す,ユルセ,ユルセ
届け,665,665,6198,動詞,自立,*,*,五段・カ行イ音便,未然形・母音調和,届く,トドケ,トドケ
構え,852,852,6198,動詞,自立,*,*,五段・ワ行促音便,未然形・母音調和,構う,カマエ,カマエ
終われ,1281,1281,7590,動詞,非自立,*,*,五段・ラ行,未然形・母音調和,終わる,オワレ,オワレ
怒れ,792,792,6198,動詞,自立,*,*,五段・ラ行,未然形・母音調和,怒る,オコレ,オコレ
いぶせ,725,725,8481,動詞,自立,*,*,五段・サ行,未然形・母音調和,いぶす,イブセ,イブセ
振れ,792,792,6202,動詞,自立,*,*,五段・ラ行,未然形・母音調和,振る,フレ,フレ
まかせ,725,725,8481,動詞,自立,*,*,五段・サ行,未然形・母音調和,まかす,マカセ,マカセ
なされ,1385,1385,9083,動詞,非自立,*,*,五段・ラ行特殊,未然形・母音調和,なさる,ナサレ,ナサレ
ちぎれ,792,792,8481,動詞,自立,*,*,五段・ラ行,未然形・母音調和,ちぎる,チギレ,チギレ
馴染め,769,769,6244,動詞,自立,*,*,五段・マ行,未然形・母音調和,馴染む,ナジメ,ナジメ
引っかけ,665,665,6198,動詞,自立,*,*,五段・カ行イ音便,未然形・母音調和,引っかく,ヒッカケ,ヒッカケ
とれ,792,792,8878,動詞,自立,*,*,五段・ラ行,未然形・母音調和,とる,トレ,トレ
とかせ,725,725,8521,動詞,自立,*,*,五段・サ行,未然形・母音調和,とかす,トカセ,トカセ
のれ,792,792,8489,動詞,自立,*,*,五段・ラ行,未然形・母音調和,のる,ノレ,ノレ
灯れ,792,792,6198,動詞,自立,*,*,五段・ラ行,未然形・母音調和,灯る,トモレ,トモレ
かかれ,1274,1274,8831,動詞,非自立,*,*,五段・ラ行,未然形・母音調和,かかる,カカレ,カカレ
使え,831,831,6395,動詞,自立,*,*,五段・ワ行ウ音便,未然形・母音調和,使う,ツカエ,ツカエ
接せ,725,725,6172,動詞,自立,*,*,五段・サ行,未然形・母音調和,接す,セッセ,セッセ
絡め,769,769,5851,動詞,自立,*,*,五段・マ行,未然形・母音調和,絡む,カラメ,カラメ
ふえ,852,852,8483,動詞,自立,*,*,五段・ワ行促音便,未然形・母音調和,ふう,フエ,フエ
引っ付け,665,665,6198,動詞,自立,*,*,五段・カ行イ音便,未然形・母音調和,引っ付く,ヒッツケ,ヒッツケ
なせ,725,725,8482,動詞,自立,*,*,五段・サ行,未然形・母音調和,なす,ナセ,ナセ
切れ,1279,1279,7015,動詞,非自立,*,*,五段・ラ行,未然形・母音調和,切る,キレ,キレ
まえ,852,852,8350,動詞,自立,*,*,五段・ワ行促音便,未然形・母音調和,まう,マエ,マエ
遡れ,792,792,5577,動詞,自立,*,*,五段・ラ行,未然形・母音調和,遡る,サカノボレ,サカノボレ
押入れ,792,792,6198,動詞,自立,*,*,五段・ラ行,未然形・母音調和,押入る,オシイレ,オシイレ
しこれ,792,792,8481,動詞,自立,*,*,五段・ラ行,未然形・母音調和,しこる,シコレ,シコレ
死ね,747,747,6191,動詞,自立,*,*,五段・ナ行,未然形・母音調和,死ぬ,シネ,シネ
かれ,792,792,8806,動詞,自立,*,*,五段・ラ行,未然形・母音調和,かる,カレ,カレ
降ろせ,725,725,6198,動詞,自立,*,*,五段・サ行,未然形・母音調和,降ろす,オロセ,オロセ
くるめ,769,769,8484,動詞,自立,*,*,五段・マ行,未然形・母音調和,くるむ,クルメ,クルメ
撮れ,792,792,6198,動詞,自立,*,*,五段・ラ行,未然形・母音調和,撮る,トレ,トレ
うけ,665,665,8522,動詞,自立,*,*,五段・カ行イ音便,未然形・母音調和,うく,ウケ,ウケ
ひねくれ,792,792,8481,動詞,自立,*,*,五段・ラ行,未然形・母音調和,ひねくる,ヒネクレ,ヒネクレ
むかえ,852,852,8482,動詞,自立,*,*,五段・ワ行促音便,未然形・母音調和,むかう,ムカエ,ムカエ
食え,852,852,5771,動詞,自立,*,*,五段・ワ行促音便,未然形・母音調和,食う,クエ,クエ
いのこれ,792,792,8481,動詞,自立,*,*,五段・ラ行,未然形・母音調和,いのこる,イノコレ,イノコレ
だけ,665,665,8932,動詞,自立,*,*,五段・カ行イ音便,未然形・母音調和,だく,ダケ,ダケ
たおれ,792,792,8481,動詞,自立,*,*,五段・ラ行,未然形・母音調和,たおる,タオレ,タオレ
打て,735,735,6204,動詞,自立,*,*,五段・タ行,未然形・母音調和,打つ,ウテ,ウテ
打て,735,735,6198,動詞,自立,*,*,五段・タ行,未然形・母音調和,打つ,ブテ,ブテ
取り合え,852,852,6258,動詞,自立,*,*,五段・ワ行促音便,未然形・母音調和,取り合う,トリアエ,トリアエ
たけ,665,665,8539,動詞,自立,*,*,五段・カ行イ音便,未然形・母音調和,たく,タケ,タケ
まかれ,792,792,8481,動詞,自立,*,*,五段・ラ行,未然形・母音調和,まかる,マカレ,マカレ
頂け,665,665,6198,動詞,自立,*,*,五段・カ行イ音便,未然形・母音調和,頂く,イタダケ,イタダケ
触れ,792,792,6248,動詞,自立,*,*,五段・ラ行,未然形・母音調和,触る,サワレ,サワレ
映せ,725,725,6198,動詞,自立,*,*,五段・サ行,未然形・母音調和,映す,ウツセ,ウツセ
せかせ,725,725,8481,動詞,自立,*,*,五段・サ行,未然形・母音調和,せかす,セカセ,セカセ
積め,769,769,6198,動詞,自立,*,*,五段・マ行,未然形・母音調和,積む,ツメ,ツメ
咲かせ,725,725,6198,動詞,自立,*,*,五段・サ行,未然形・母音調和,咲かす,サカセ,サカセ
とまれ,792,792,8481,動詞,自立,*,*,五段・ラ行,未然形・母音調和,とまる,トマレ,トマレ
泣け,665,665,6371,動詞,自立,*,*,五段・カ行イ音便,未然形・母音調和,泣く,ナケ,ナケ
擦れ,792,792,6198,動詞,自立,*,*,五段・ラ行,未然形・母音調和,擦る,コスレ,コスレ
擦れ,792,792,6198,動詞,自立,*,*,五段・ラ行,未然形・母音調和,擦る,ナスレ,ナスレ
擦れ,792,792,6196,動詞,自立,*,*,五段・ラ行,未然形・母音調和,擦る,スレ,スレ
回れ,1280,1280,7524,動詞,非自立,*,*,五段・ラ行,未然形・母音調和,回る,マワレ,マワレ
こやせ,725,725,8481,動詞,自立,*,*,五段・サ行,未然形・母音調和,こやす,コヤセ,コヤセ
あえ,1433,1433,8778,動詞,非自立,*,*,五段・ワ行促音便,未然形・母音調和,あう,アエ,アエ
うて,735,735,8605,動詞,自立,*,*,五段・タ行,未然形・母音調和,うつ,ウテ,ウテ
やらせ,725,725,8486,動詞,自立,*,*,五段・サ行,未然形・母音調和,やらす,ヤラセ,ヤラセ
しまれ,792,792,8626,動詞,自立,*,*,五段・ラ行,未然形・母音調和,しまる,シマレ,シマレ
ぶせ,725,725,8481,動詞,自立,*,*,五段・サ行,未然形・母音調和,ぶす,ブセ,ブセ
こめ,769,769,8541,動詞,自立,*,*,五段・マ行,未然形・母音調和,こむ,コメ,コメ
着け,665,665,5959,動詞,自立,*,*,五段・カ行イ音便,未然形・母音調和,着く,ツケ,ツケ
目立て,735,735,6198,動詞,自立,*,*,五段・タ行,未然形・母音調和,目立つ,メダテ,メダテ
してやれ,792,792,8498,動詞,自立,*,*,五段・ラ行,未然形・母音調和,してやる,シテヤレ,シテヤレ
指させ,725,725,6198,動詞,自立,*,*,五段・サ行,未然形・母音調和,指さす,ユビサセ,ユビサセ
かかれ,792,792,8168,動詞,自立,*,*,五段・ラ行,未然形・母音調和,かかる,カカレ,カカレ
もせ,725,725,8925,動詞,自立,*,*,五段・サ行,未然形・母音調和,もす,モセ,モセ
煩わせ,725,725,6198,動詞,自立,*,*,五段・サ行,未然形・母音調和,煩わす,ワズラワセ,ワズラワセ
割り切れ,792,792,6181,動詞,自立,*,*,五段・ラ行,未然形・母音調和,割り切る,ワリキレ,ワリキレ
とけ,665,665,8622,動詞,自立,*,*,五段・カ行イ音便,未然形・母音調和,とく,トケ,トケ
あおれ,792,792,8484,動詞,自立,*,*,五段・ラ行,未然形・母音調和,あおる,アオレ,アオレ
飛べ,758,758,6200,動詞,自立,*,*,五段・バ行,未然形・母音調和,飛ぶ,トベ,トベ
じせ,725,725,8482,動詞,自立,*,*,五段・サ行,未然形・母音調和,じす,ジセ,ジセ
しきれ,792,792,8481,動詞,自立,*,*,五段・ラ行,未然形・母音調和,しきる,シキレ,シキレ
傷つけ,665,665,6199,動詞,自立,*,*,五段・カ行イ音便,未然形・母音調和,傷つく,キズツケ,キズツケ
なおせ,725,725,8481,動詞,自立,*,*,五段・サ行,未然形・母音調和,なおす,ナオセ,ナオセ
過ごせ,725,725,6227,動詞,自立,*,*,五段・サ行,未然形・母音調和,過ごす,スゴセ,スゴセ
盛れ,792,792,6214,動詞,自立,*,*,五段・ラ行,未然形・母音調和,盛る,モレ,モレ
残せ,725,725,6194,動詞,自立,*,*,五段・サ行,未然形・母音調和,残す,ノコセ,ノコセ
でかせ,725,725,8481,動詞,自立,*,*,五段・サ行,未然形・母音調和,でかす,デカセ,デカセ
動かせ,725,725,6198,動詞,自立,*,*,五段・サ行,未然形・母音調和,動かす,ウゴカセ,ウゴカセ
送れ,792,792,6220,動詞,自立,*,*,五段・ラ行,未然形・母音調和,送る,オクレ,オクレ
上がれ,792,792,5780,動詞,自立,*,*,五段・ラ行,未然形・母音調和,上がる,アガレ,アガレ
着こなせ,725,725,6198,動詞,自立,*,*,五段・サ行,未然形・母音調和,着こなす,キコナセ,キコナセ
取れ,792,792,6203,動詞,自立,*,*,五段・ラ行,未然形・母音調和,取る,トレ,トレ
よじ登れ,792,792,8481,動詞,自立,*,*,五段・ラ行,未然形・母音調和,よじ登る,ヨジノボレ,ヨジノボレ
うなれ,792,792,8587,動詞,自立,*,*,五段・ラ行,未然形・母音調和,うなる,ウナレ,ウナレ
飲め,769,769,6012,動詞,自立,*,*,五段・マ行,未然形・母音調和,飲む,ノメ,ノメ
泳げ,714,714,6198,動詞,自立,*,*,五段・ガ行,未然形・母音調和,泳ぐ,オヨゲ,オヨゲ
こけ,665,665,8593,動詞,自立,*,*,五段・カ行イ音便,未然形・母音調和,こく,コケ,コケ
気づけ,665,665,6198,動詞,自立,*,*,五段・カ行イ音便,未然形・母音調和,気づく,キヅケ,キズケ
なくなれ,792,792,8421,動詞,自立,*,*,五段・ラ行,未然形・母音調和,なくなる,ナクナレ,ナクナレ
いね,747,747,8569,動詞,自立,*,*,五段・ナ行,未然形・母音調和,いぬ,イネ,イネ
持て,735,735,6128,動詞,自立,*,*,五段・タ行,未然形・母音調和,持つ,モテ,モテ
がんばれ,792,792,8413,動詞,自立,*,*,五段・ラ行,未然形・母音調和,がんばる,ガンバレ,ガンバレ
いとえ,831,831,8482,動詞,自立,*,*,五段・ワ行ウ音便,未然形・母音調和,いとう,イトエ,イトエ
寄れ,792,792,6198,動詞,自立,*,*,五段・ラ行,未然形・母音調和,寄る,ヨレ,ヨレ
貰え,852,852,6188,動詞,自立,*,*,五段・ワ行促音便,未然形・母音調和,貰う,モラエ,モラエ
逝け,686,686,6335,動詞,自立,*,*,五段・カ行促音便,未然形・母音調和,逝く,イケ,イケ
逝け,686,686,6331,動詞,自立,*,*,五段・カ行促音便,未然形・母音調和,逝く,ユケ,ユケ
うまれ,792,792,8465,動詞,自立,*,*,五段・ラ行,未然形・母音調和,うまる,ウマレ,ウマレ
就け,665,665,6189,動詞,自立,*,*,五段・カ行イ音便,未然形・母音調和,就く,ツケ,ツケ
たせ,725,725,8489,動詞,自立,*,*,五段・サ行,未然形・母音調和,たす,タセ,タセ
こげ,714,714,8508,動詞,自立,*,*,五段・ガ行,未然形・母音調和,こぐ,コゲ,コゲ
被れ,792,792,6653,動詞,自立,*,*,五段・ラ行,未然形・母音調和,被る,コウムレ,コームレ
被れ,792,792,6652,動詞,自立,*,*,五段・ラ行,未然形・母音調和,被る,カブレ,カブレ
割れ,792,792,6290,動詞,自立,*,*,五段・ラ行,未然形・母音調和,割る,ワレ,ワレ
治せ,725,725,6198,動詞,自立,*,*,五段・サ行,未然形・母音調和,治す,ナオセ,ナオセ
間に合え,852,852,6198,動詞,自立,*,*,五段・ワ行促音便,未然形・母音調和,間に合う,マニアエ,マニアエ
ひっかけ,665,665,8481,動詞,自立,*,*,五段・カ行イ音便,未然形・母音調和,ひっかく,ヒッカケ,ヒッカケ
伸ばせ,725,725,6198,動詞,自立,*,*,五段・サ行,未然形・母音調和,伸ばす,ノバセ,ノバセ
頼れ,792,792,6385,動詞,自立,*,*,五段・ラ行,未然形・母音調和,頼る,タヨレ,タヨレ
近づけ,665,665,6197,動詞,自立,*,*,五段・カ行イ音便,未然形・母音調和,近づく,チカヅケ,チカズケ
やり直せ,725,725,8770,動詞,自立,*,*,五段・サ行,未然形・母音調和,やり直す,ヤリナオセ,ヤリナオセ
取り入れ,792,792,6198,動詞,自立,*,*,五段・ラ行,未然形・母音調和,取り入る,トリイレ,トリイレ
集まれ,792,792,6198,動詞,自立,*,*,五段・ラ行,未然形・母音調和,集まる,アツマレ,アツマレ
とべ,758,758,8138,動詞,自立,*,*,五段・バ行,未然形・母音調和,とぶ,トベ,トベ
凝れ,792,792,6118,動詞,自立,*,*,五段・ラ行,未然形・母音調和,凝る,コレ,コレ
凝れ,792,792,6198,動詞,自立,*,*,五段・ラ行,未然形・母音調和,凝る,シコレ,シコレ
凝れ,792,792,6198,動詞,自立,*,*,五段・ラ行,未然形・母音調和,凝る,コゴレ,コゴレ
踏みとどまれ,792,792,6198,動詞,自立,*,*,五段・ラ行,未然形・母音調和,踏みとどまる,フミトドマレ,フミトドマレ
埋め合わせ,725,725,6198,動詞,自立,*,*,五段・サ行,未然形・母音調和,埋め合わす,ウメアワセ,ウメアワセ
揚がれ,792,792,6197,動詞,自立,*,*,五段・ラ行,未然形・母音調和,揚がる,アガレ,アガレ
謝れ,792,792,6193,動詞,自立,*,*,五段・ラ行,未然形・母音調和,謝る,アヤマレ,アヤマレ
配せ,725,725,6207,動詞,自立,*,*,五段・サ行,未然形・母音調和,配す,ハイセ,ハイセ
唱え,852,852,6198,動詞,自立,*,*,五段・ワ行促音便,未然形・母音調和,唱う,ウタエ,ウタエ
伝え,852,852,6212,動詞,自立,*,*,五段・ワ行促音便,未然形・母音調和,伝う,ツタエ,ツタエ
おえ,852,852,8912,動詞,自立,*,*,五段・ワ行促音便,未然形・母音調和,おう,オエ,オエ
入れ,792,792,6468,動詞,自立,*,*,五段・ラ行,未然形・母音調和,入る,ハイレ,ハイレ
入れ,792,792,6022,動詞,自立,*,*,五段・ラ行,未然形・母音調和,入る,イレ,イレ
買え,852,852,6023,動詞,自立,*,*,五段・ワ行促音便,未然形・母音調和,買う,カエ,カエ
はらえ,852,852,8481,動詞,自立,*,*,五段・ワ行促音便,未然形・母音調和,はらう,ハラエ,ハラエ
締めくくれ,792,792,6198,動詞,自立,*,*,五段・ラ行,未然形・母音調和,締めくくる,シメククレ,シメククレ
なえ,852,852,9269,動詞,自立,*,*,五段・ワ行促音便,未然形・母音調和,なう,ナエ,ナエ
もたせ,725,725,8481,動詞,自立,*,*,五段・サ行,未然形・母音調和,もたす,モタセ,モタセ
年取れ,792,792,6198,動詞,自立,*,*,五段・ラ行,未然形・母音調和,年取る,トシトレ,トシトレ
明け,665,665,6222,動詞,自立,*,*,五段・カ行イ音便,未然形・母音調和,明く,アケ,アケ
遊ばせ,725,725,6198,動詞,自立,*,*,五段・サ行,未然形・母音調和,遊ばす,アソバセ,アソバセ
終われ,792,792,6137,動詞,自立,*,*,五段・ラ行,未然形・母音調和,終わる,オワレ,オワレ
はじけ,665,665,8481,動詞,自立,*,*,五段・カ行イ音便,未然形・母音調和,はじく,ハジケ,ハジケ
ませ,725,725,8720,動詞,自立,*,*,五段・サ行,未然形・母音調和,ます,マセ,マセ
離せ,725,725,6198,動詞,自立,*,*,五段・サ行,未然形・母音調和,離す,ハナセ,ハナセ
つけ,665,665,8726,動詞,自立,*,*,五段・カ行イ音便,未然形・母音調和,つく,ツケ,ツケ
回れ,792,792,6139,動詞,自立,*,*,五段・ラ行,未然形・母音調和,回る,マワレ,マワレ
滑れ,792,792,6201,動詞,自立,*,*,五段・ラ行,未然形・母音調和,滑る,スベレ,スベレ
込め,769,769,6226,動詞,自立,*,*,五段・マ行,未然形・母音調和,込む,コメ,コメ
困れ,792,792,6198,動詞,自立,*,*,五段・ラ行,未然形・母音調和,困る,コマレ,コマレ
いっせ,725,725,8492,動詞,自立,*,*,五段・サ行,未然形・母音調和,いっす,イッセ,イッセ
洗え,852,852,6198,動詞,自立,*,*,五段・ワ行促音便,未然形・母音調和,洗う,アラエ,アラエ
踊れ,792,792,6769,動詞,自立,*,*,五段・ラ行,未然形・母音調和,踊る,オドレ,オドレ
果たせ,725,725,6242,動詞,自立,*,*,五段・サ行,未然形・母音調和,果たす,ハタセ,ハタセ
立たせ,725,725,6198,動詞,自立,*,*,五段・サ行,未然形・母音調和,立たす,タタセ,タタセ
あれ,792,792,6115,動詞,自立,*,*,五段・ラ行,未然形・母音調和,ある,アレ,アレ
言え,853,853,5696,動詞,自立,*,*,五段・ワ行促音便,未然形・母音調和,言う,イエ,イエ
割け,665,665,6155,動詞,自立,*,*,五段・カ行イ音便,未然形・母音調和,割く,サケ,サケ
出せ,725,725,5801,動詞,自立,*,*,五段・サ行,未然形・母音調和,出す,ダセ,ダセ
ぬけ,1029,1029,8972,動詞,非自立,*,*,五段・カ行イ音便,未然形・母音調和,ぬく,ヌケ,ヌケ
いやせ,725,725,8481,動詞,自立,*,*,五段・サ行,未然形・母音調和,いやす,イヤセ,イヤセ
跨げ,714,714,6198,動詞,自立,*,*,五段・ガ行,未然形・母音調和,跨ぐ,マタゲ,マタゲ
たて,735,735,8392,動詞,自立,*,*,五段・タ行,未然形・母音調和,たつ,タテ,タテ
こなせ,725,725,8481,動詞,自立,*,*,五段・サ行,未然形・母音調和,こなす,コナセ,コナセ
け,1073,1073,9413,動詞,非自立,*,*,五段・カ行促音便,未然形・母音調和,く,ケ,ケ
もとめ,769,769,8481,動詞,自立,*,*,五段・マ行,未然形・母音調和,もとむ,モトメ,モトメ
たらせ,725,725,8484,動詞,自立,*,*,五段・サ行,未然形・母音調和,たらす,タラセ,タラセ
ことかけ,665,665,8481,動詞,自立,*,*,五段・カ行イ音便,未然形・母音調和,ことかく,コトカケ,コトカケ
組み合わせ,725,725,6198,動詞,自立,*,*,五段・サ行,未然形・母音調和,組み合わす,クミアワセ,クミアワセ
揉め,769,769,6390,動詞,自立,*,*,五段・マ行,未然形・母音調和,揉む,モメ,モメ
ちなめ,769,769,8481,動詞,自立,*,*,五段・マ行,未然形・母音調和,ちなむ,チナメ,チナメ
とえ,831,831,9382,動詞,自立,*,*,五段・ワ行ウ音便,未然形・母音調和,とう,トエ,トエ
させ,469,469,7283,動詞,接尾,*,*,五段・サ行,未然形・母音調和,さす,サセ,サセ
だせ,1128,1128,8973,動詞,非自立,*,*,五段・サ行,未然形・母音調和,だす,ダセ,ダセ
勝て,735,735,5823,動詞,自立,*,*,五段・タ行,未然形・母音調和,勝つ,カテ,カテ
楽しめ,769,769,5950,動詞,自立,*,*,五段・マ行,未然形・母音調和,楽しむ,タノシメ,タノシメ
そげ,714,714,8481,動詞,自立,*,*,五段・ガ行,未然形・母音調和,そぐ,ソゲ,ソゲ
めいうて,735,735,8481,動詞,自立,*,*,五段・タ行,未然形・母音調和,めいうつ,メイウテ,メイウテ
頂け,1031,1031,7542,動詞,非自立,*,*,五段・カ行イ音便,未然形・母音調和,頂く,イタダケ,イタダケ
合え,1433,1433,7128,動詞,非自立,*,*,五段・ワ行促音便,未然形・母音調和,合う,アエ,アエ
しまえ,1431,1431,8939,動詞,非自立,*,*,五段・ワ行促音便,未然形・母音調和,しまう,シマエ,シマエ
交え,852,852,6202,動詞,自立,*,*,五段・ワ行促音便,未然形・母音調和,交う,カエ,カエ
おれ,792,792,7160,動詞,自立,*,*,五段・ラ行,未然形・母音調和,おる,オレ,オレ
倒せ,725,725,6198,動詞,自立,*,*,五段・サ行,未然形・母音調和,倒す,タオセ,タオセ
上れ,792,792,6204,動詞,自立,*,*,五段・ラ行,未然形・母音調和,上る,ノボレ,ノボレ
それ,792,792,9231,動詞,自立,*,*,五段・ラ行,未然形・母音調和,そる,ソレ,ソレ
のめ,769,769,8593,動詞,自立,*,*,五段・マ行,未然形・母音調和,のむ,ノメ,ノメ
育て,735,735,6174,動詞,自立,*,*,五段・タ行,未然形・母音調和,育つ,ソダテ,ソダテ
あいうて,735,735,8481,動詞,自立,*,*,五段・タ行,未然形・母音調和,あいうつ,アイウテ,アイウテ
落て,735,735,6310,動詞,自立,*,*,五段・タ行,未然形・母音調和,落つ,オテ,オテ
学べ,758,758,6196,動詞,自立,*,*,五段・バ行,未然形・母音調和,学ぶ,マナベ,マナベ
求め,769,769,6198,動詞,自立,*,*,五段・マ行,未然形・母音調和,求む,モトメ,モトメ
流行れ,792,792,6198,動詞,自立,*,*,五段・ラ行,未然形・母音調和,流行る,ハヤレ,ハヤレ
売れ,792,792,6311,動詞,自立,*,*,五段・ラ行,未然形・母音調和,売る,ウレ,ウレ
寝かせ,725,725,6198,動詞,自立,*,*,五段・サ行,未然形・母音調和,寝かす,ネカセ,ネカセ
やれ,792,792,6252,動詞,自立,*,*,五段・ラ行,未然形・母音調和,やる,ヤレ,ヤレ
なりたて,735,735,8481,動詞,自立,*,*,五段・タ行,未然形・母音調和,なりたつ,ナリタテ,ナリタテ
巡り会え,852,852,6198,動詞,自立,*,*,五段・ワ行促音便,未然形・母音調和,巡り会う,メグリアエ,メグリアエ
聞き取れ,792,792,6196,動詞,自立,*,*,五段・ラ行,未然形・母音調和,聞き取る,キキトレ,キキトレ
ぶつかれ,792,792,8481,動詞,自立,*,*,五段・ラ行,未然形・母音調和,ぶつかる,ブツカレ,ブツカレ
逆らえ,852,852,6198,動詞,自立,*,*,五段・ワ行促音便,未然形・母音調和,逆らう,サカラエ,サカラエ
はけ,665,665,8621,動詞,自立,*,*,五段・カ行イ音便,未然形・母音調和,はく,ハケ,ハケ
書き直せ,725,725,6198,動詞,自立,*,*,五段・サ行,未然形・母音調和,書き直す,カキナオセ,カキナオセ
あるけ,665,665,8506,動詞,自立,*,*,五段・カ行イ音便,未然形・母音調和,あるく,アルケ,アルケ
こめ,1145,1145,9021,動詞,非自立,*,*,五段・マ行,未然形・母音調和,こむ,コメ,コメ
しなえ,852,852,8486,動詞,自立,*,*,五段・ワ行促音便,未然形・母音調和,しなう,シナエ,シナエ
通れ,792,792,6204,動詞,自立,*,*,五段・ラ行,未然形・母音調和,通る,トオレ,トーレ
言わせ,725,725,6198,動詞,自立,*,*,五段・サ行,未然形・母音調和,言わす,イワセ,イワセ
行け,687,687,5742,動詞,自立,*,*,五段・カ行促音便,未然形・母音調和,行く,ユケ,ユケ
抜け,1029,1029,7563,動詞,非自立,*,*,五段・カ行イ音便,未然形・母音調和,抜く,ヌケ,ヌケ
はやれ,792,792,8485,動詞,自立,*,*,五段・ラ行,未然形・母音調和,はやる,ハヤレ,ハヤレ
なおせ,1129,1129,8972,動詞,非自立,*,*,五段・サ行,未然形・母音調和,なおす,ナオセ,ナオセ
磨け,665,665,6198,動詞,自立,*,*,五段・カ行イ音便,未然形・母音調和,磨く,ミガケ,ミガケ
弾け,665,665,6198,動詞,自立,*,*,五段・カ行イ音便,未然形・母音調和,弾く,ヒケ,ヒケ
弾け,665,665,6198,動詞,自立,*,*,五段・カ行イ音便,未然形・母音調和,弾く,ハジケ,ハジケ
むけ,665,665,8482,動詞,自立,*,*,五段・カ行イ音便,未然形・母音調和,むく,ムケ,ムケ
止め,769,769,6377,動詞,自立,*,*,五段・マ行,未然形・母音調和,止む,ヤメ,ヤメ
整え,852,852,6198,動詞,自立,*,*,五段・ワ行促音便,未然形・母音調和,整う,トトノエ,トトノエ
暗め,769,769,6198,動詞,自立,*,*,五段・マ行,未然形・母音調和,暗む,クラメ,クラメ
みきれ,792,792,8481,動詞,自立,*,*,五段・ラ行,未然形・母音調和,みきる,ミキレ,ミキレ
辞め,769,769,6279,動詞,自立,*,*,五段・マ行,未然形・母音調和,辞む,イナメ,イナメ
とめ,769,769,8365,動詞,自立,*,*,五段・マ行,未然形・母音調和,とむ,トメ,トメ
捕れ,792,792,6198,動詞,自立,*,*,五段・ラ行,未然形・母音調和,捕る,トレ,トレ
落ち着け,665,665,6198,動詞,自立,*,*,五段・カ行イ音便,未然形・母音調和,落ち着く,オチツケ,オチツケ
おけ,1028,1028,9396,動詞,非自立,*,*,五段・カ行イ音便,未然形・母音調和,おく,オケ,オケ
産め,769,769,6199,動詞,自立,*,*,五段・マ行,未然形・母音調和,産む,ウメ,ウメ
約せ,725,725,6198,動詞,自立,*,*,五段・サ行,未然形・母音調和,約す,ヤクセ,ヤクセ
持たせ,725,725,6198,動詞,自立,*,*,五段・サ行,未然形・母音調和,持たす,モタセ,モタセ
抜け,665,665,6228,動詞,自立,*,*,五段・カ行イ音便,未然形・母音調和,抜く,ヌケ,ヌケ
行け,687,687,5672,動詞,自立,*,*,五段・カ行促音便,未然形・母音調和,行く,イケ,イケ
絞れ,792,792,6198,動詞,自立,*,*,五段・ラ行,未然形・母音調和,絞る,シボレ,シボレ
合え,852,852,5489,動詞,自立,*,*,五段・ワ行促音便,未然形・母音調和,合う,アエ,アエ
告げ,714,714,6198,動詞,自立,*,*,五段・ガ行,未然形・母音調和,告ぐ,ツゲ,ツゲ
だせ,725,725,8590,動詞,自立,*,*,五段・サ行,未然形・母音調和,だす,ダセ,ダセ
建て,735,735,6081,動詞,自立,*,*,五段・タ行,未然形・母音調和,建つ,タテ,タテ
守れ,792,792,6136,動詞,自立,*,*,五段・ラ行,未然形・母音調和,守る,マモレ,マモレ
気付け,665,665,6195,動詞,自立,*,*,五段・カ行イ音便,未然形・母音調和,気付く,キヅケ,キズケ
とげ,714,714,8513,動詞,自立,*,*,五段・ガ行,未然形・母音調和,とぐ,トゲ,トゲ
すすめ,769,769,8481,動詞,自立,*,*,五段・マ行,未然形・母音調和,すすむ,ススメ,ススメ
塞がれ,792,792,6198,動詞,自立,*,*,五段・ラ行,未然形・母音調和,塞がる,フサガレ,フサガレ
服せ,725,725,6221,動詞,自立,*,*,五段・サ行,未然形・母音調和,服す,フクセ,フクセ
這い出せ,725,725,6198,動詞,自立,*,*,五段・サ行,未然形・母音調和,這い出す,ハイダセ,ハイダセ
宿せ,725,725,6198,動詞,自立,*,*,五段・サ行,未然形・母音調和,宿す,ヤドセ,ヤドセ
宿せ,725,725,6198,動詞,自立,*,*,五段・サ行,未然形・母音調和,宿す,シュクセ,シュクセ
逝け,665,665,6331,動詞,自立,*,*,五段・カ行イ音便,未然形・母音調和,逝く,ユケ,ユケ
かげ,714,714,8506,動詞,自立,*,*,五段・ガ行,未然形・母音調和,かぐ,カゲ,カゲ
渡せ,725,725,6066,動詞,自立,*,*,五段・サ行,未然形・母音調和,渡す,ワタセ,ワタセ
きれ,1275,1275,9580,動詞,非自立,*,*,五段・ラ行,未然形・母音調和,きる,キレ,キレ
きしめ,769,769,8481,動詞,自立,*,*,五段・マ行,未然形・母音調和,きしむ,キシメ,キシメ
関われ,792,792,5727,動詞,自立,*,*,五段・ラ行,未然形・母音調和,関わる,カカワレ,カカワレ
気が付け,665,665,6198,動詞,自立,*,*,五段・カ行イ音便,未然形・母音調和,気が付く,キガツケ,キガツケ
はめ,769,769,8499,動詞,自立,*,*,五段・マ行,未然形・母音調和,はむ,ハメ,ハメ
ちゃえ,1430,1430,8383,動詞,非自立,*,*,五段・ワ行促音便,未然形・母音調和,ちゃう,チャエ,チャエ
まとまれ,792,792,8481,動詞,自立,*,*,五段・ラ行,未然形・母音調和,まとまる,マトマレ,マトマレ
ちがえ,852,852,8491,動詞,自立,*,*,五段・ワ行促音便,未然形・母音調和,ちがう,チガエ,チガエ
稼げ,714,714,6248,動詞,自立,*,*,五段・ガ行,未然形・母音調和,稼ぐ,カセゲ,カセゲ
つかめ,769,769,8481,動詞,自立,*,*,五段・マ行,未然形・母音調和,つかむ,ツカメ,ツカメ
たしなめ,769,769,8481,動詞,自立,*,*,五段・マ行,未然形・母音調和,たしなむ,タシナメ,タシナメ
くだけ,665,665,8510,動詞,自立,*,*,五段・カ行イ音便,未然形・母音調和,くだく,クダケ,クダケ
直せ,1129,1129,7494,動詞,非自立,*,*,五段・サ行,未然形・母音調和,直す,ナオセ,ナオセ
とけ,1027,1027,9037,動詞,非自立,*,*,五段・カ行イ音便,未然形・母音調和,とく,トケ,トケ
さばけ,665,665,8481,動詞,自立,*,*,五段・カ行イ音便,未然形・母音調和,さばく,サバケ,サバケ
走れ,792,792,6198,動詞,自立,*,*,五段・ラ行,未然形・母音調和,走る,ハシレ,ハシレ
かめ,769,769,8579,動詞,自立,*,*,五段・マ行,未然形・母音調和,かむ,カメ,カメ
対せ,725,725,5972,動詞,自立,*,*,五段・サ行,未然形・母音調和,対す,タイセ,タイセ
続け,665,665,6282,動詞,自立,*,*,五段・カ行イ音便,未然形・母音調和,続く,ツヅケ,ツズケ
問い合わせ,725,725,6198,動詞,自立,*,*,五段・サ行,未然形・母音調和,問い合わす,トイアワセ,トイアワセ
ぶれ,792,792,8517,動詞,自立,*,*,五段・ラ行,未然形・母音調和,ぶる,ブレ,ブレ
なおれ,792,792,8481,動詞,自立,*,*,五段・ラ行,未然形・母音調和,なおる,ナオレ,ナオレ
みなせ,725,725,8481,動詞,自立,*,*,五段・サ行,未然形・母音調和,みなす,ミナセ,ミナセ
眠れ,792,792,6198,動詞,自立,*,*,五段・ラ行,未然形・母音調和,眠る,ネムレ,ネムレ
立ち止まれ,792,792,6198,動詞,自立,*,*,五段・ラ行,未然形・母音調和,立ち止まる,タチドマレ,タチドマレ
吹け,665,665,5861,動詞,自立,*,*,五段・カ行イ音便,未然形・母音調和,吹く,フケ,フケ
ちかえ,852,852,8495,動詞,自立,*,*,五段・ワ行促音便,未然形・母音調和,ちかう,チカエ,チカエ
まて,735,735,8628,動詞,自立,*,*,五段・タ行,未然形・母音調和,まつ,マテ,マテ
こまれ,792,792,8481,動詞,自立,*,*,五段・ラ行,未然形・母音調和,こまる,コマレ,コマレ
退け,665,665,6198,動詞,自立,*,*,五段・カ行イ音便,未然形・母音調和,退く,シリゾケ,シリゾケ
退け,665,665,6198,動詞,自立,*,*,五段・カ行イ音便,未然形・母音調和,退く,ドケ,ドケ
退け,665,665,6198,動詞,自立,*,*,五段・カ行イ音便,未然形・母音調和,退く,ノケ,ノケ
空け,665,665,6198,動詞,自立,*,*,五段・カ行イ音便,未然形・母音調和,空く,アケ,アケ
空け,665,665,6425,動詞,自立,*,*,五段・カ行イ音便,未然形・母音調和,空く,スケ,スケ
はれ,1271,1271,8169,動詞,非自立,*,*,五段・ラ行,未然形・母音調和,はる,ハレ,ハレ
もうかれ,792,792,8481,動詞,自立,*,*,五段・ラ行,未然形・母音調和,もうかる,モウカレ,モーカレ
なけ,665,665,8704,動詞,自立,*,*,五段・カ行イ音便,未然形・母音調和,なく,ナケ,ナケ
気遣え,852,852,6341,動詞,自立,*,*,五段・ワ行促音便,未然形・母音調和,気遣う,キヅカエ,キズカエ
かわれ,792,792,8482,動詞,自立,*,*,五段・ラ行,未然形・母音調和,かわる,カワレ,カワレ
さかせ,725,725,8481,動詞,自立,*,*,五段・サ行,未然形・母音調和,さかす,サカセ,サカセ
流せ,725,725,6198,動詞,自立,*,*,五段・サ行,未然形・母音調和,流す,ナガセ,ナガセ
いただけ,1031,1031,8972,動詞,非自立,*,*,五段・カ行イ音便,未然形・母音調和,いただく,イタダケ,イタダケ
やぶれ,792,792,8787,動詞,自立,*,*,五段・ラ行,未然形・母音調和,やぶる,ヤブレ,ヤブレ
よせ,725,725,8498,動詞,自立,*,*,五段・サ行,未然形・母音調和,よす,ヨセ,ヨセ
驚かせ,725,725,6198,動詞,自立,*,*,五段・サ行,未然形・母音調和,驚かす,オドロカセ,オドロカセ
きれ,792,792,9374,動詞,自立,*,*,五段・ラ行,未然形・母音調和,きる,キレ,キレ
はえ,852,852,8894,動詞,自立,*,*,五段・ワ行促音便,未然形・母音調和,はう,ハエ,ハエ
あけ,665,665,7810,動詞,自立,*,*,五段・カ行イ音便,未然形・母音調和,あく,アケ,アケ
化せ,725,725,6203,動詞,自立,*,*,五段・サ行,未然形・母音調和,化す,カセ,カセ
採れ,792,792,6198,動詞,自立,*,*,五段・ラ行,未然形・母音調和,採る,トレ,トレ
ふせ,725,725,8481,動詞,自立,*,*,五段・サ行,未然形・母音調和,ふす,フセ,フセ
うめ,769,769,8524,動詞,自立,*,*,五段・マ行,未然形・母音調和,うむ,ウメ,ウメ
削れ,792,792,6198,動詞,自立,*,*,五段・ラ行,未然形・母音調和,削る,ケズレ,ケズレ
直せ,725,725,6045,動詞,自立,*,*,五段・サ行,未然形・母音調和,直す,ナオセ,ナオセ
いかれ,792,792,8558,動詞,自立,*,*,五段・ラ行,未然形・母音調和,いかる,イカレ,イカレ
任せ,725,725,6198,動詞,自立,*,*,五段・サ行,未然形・母音調和,任す,マカセ,マカセ
うれ,792,792,8500,動詞,自立,*,*,五段・ラ行,未然形・母音調和,うる,ウレ,ウレ
被され,792,792,6198,動詞,自立,*,*,五段・ラ行,未然形・母音調和,被さる,カブサレ,カブサレ
緩め,769,769,6198,動詞,自立,*,*,五段・マ行,未然形・母音調和,緩む,ユルメ,ユルメ
からせ,725,725,8485,動詞,自立,*,*,五段・サ行,未然形・母音調和,からす,カラセ,カラセ
いだけ,665,665,8492,動詞,自立,*,*,五段・カ行イ音便,未然形・母音調和,いだく,イダケ,イダケ
すませ,725,725,8481,動詞,自立,*,*,五段・サ行,未然形・母音調和,すます,スマセ,スマセ
引け,665,665,6199,動詞,自立,*,*,五段・カ行イ音便,未然形・母音調和,引く,ヒケ,ヒケ
まわれ,792,792,8481,動詞,自立,*,*,五段・ラ行,未然形・母音調和,まわる,マワレ,マワレ
ひれ,792,792,8535,動詞,自立,*,*,五段・ラ行,未然形・母音調和,ひる,ヒレ,ヒレ
遅らせ,725,725,6198,動詞,自立,*,*,五段・サ行,未然形・母音調和,遅らす,オクラセ,オクラセ
もめ,769,769,8641,動詞,自立,*,*,五段・マ行,未然形・母音調和,もむ,モメ,モメ
脱げ,714,714,6198,動詞,自立,*,*,五段・ガ行,未然形・母音調和,脱ぐ,ヌゲ,ヌゲ
おせ,725,725,8481,動詞,自立,*,*,五段・サ行,未然形・母音調和,おす,オセ,オセ
とれ,1271,1271,9236,動詞,非自立,*,*,五段・ラ行,未然形・母音調和,とる,トレ,トレ
混ぜ合わせ,725,725,6198,動詞,自立,*,*,五段・サ行,未然形・母音調和,混ぜ合わす,マゼアワセ,マゼアワセ
つれ,792,792,8551,動詞,自立,*,*,五段・ラ行,未然形・母音調和,つる,ツレ,ツレ
知り合え,852,852,6384,動詞,自立,*,*,五段・ワ行促音便,未然形・母音調和,知り合う,シリアエ,シリアエ
がかれ,480,480,7184,動詞,接尾,*,*,五段・ラ行,未然形・母音調和,がかる,ガカレ,ガカレ
われ,792,792,8580,動詞,自立,*,*,五段・ラ行,未然形・母音調和,わる,ワレ,ワレ
行き着け,665,665,6198,動詞,自立,*,*,五段・カ行イ音便,未然形・母音調和,行き着く,イキツケ,イキツケ
行き着け,665,665,6198,動詞,自立,*,*,五段・カ行イ音便,未然形・母音調和,行き着く,ユキツケ,ユキツケ
盛り上がれ,792,792,6411,動詞,自立,*,*,五段・ラ行,未然形・母音調和,盛り上がる,モリアガレ,モリアガレ
そろえ,852,852,8481,動詞,自立,*,*,五段・ワ行促音便,未然形・母音調和,そろう,ソロエ,ソロエ
ずれ,792,792,8682,動詞,自立,*,*,五段・ラ行,未然形・母音調和,ずる,ズレ,ズレ
合わせ,725,725,6175,動詞,自立,*,*,五段・サ行,未然形・母音調和,合わす,アワセ,アワセ
折れ,792,792,6197,動詞,自立,*,*,五段・ラ行,未然形・母音調和,折る,オレ,オレ
待て,735,735,6076,動詞,自立,*,*,五段・タ行,未然形・母音調和,待つ,マテ,マテ
支え,852,852,6202,動詞,自立,*,*,五段・ワ行促音便,未然形・母音調和,支う,カエ,カエ
光らせ,725,725,6198,動詞,自立,*,*,五段・サ行,未然形・母音調和,光らす,ヒカラセ,ヒカラセ
いたれ,792,792,8481,動詞,自立,*,*,五段・ラ行,未然形・母音調和,いたる,イタレ,イタレ
使え,852,852,6395,動詞,自立,*,*,五段・ワ行促音便,未然形・母音調和,使う,ツカエ,ツカエ
剃れ,792,792,6196,動詞,自立,*,*,五段・ラ行,未然形・母音調和,剃る,スレ,スレ
剃れ,792,792,6435,動詞,自立,*,*,五段・ラ行,未然形・母音調和,剃る,ソレ,ソレ
行け,1097,1097,7564,動詞,非自立,*,*,五段・カ行促音便ユク,未然形・母音調和,行く,ユケ,ユケ
泣かせ,725,725,6213,動詞,自立,*,*,五段・サ行,未然形・母音調和,泣かす,ナカセ,ナカセ
よえ,852,852,9099,動詞,自立,*,*,五段・ワ行促音便,未然形・母音調和,よう,ヨエ,ヨエ
押し入れ,792,792,6198,動詞,自立,*,*,五段・ラ行,未然形・母音調和,押し入る,オシイレ,オシイレ
よこせ,725,725,8464,動詞,自立,*,*,五段・サ行,未然形・母音調和,よこす,ヨコセ,ヨコセ
はおれ,792,792,8494,動詞,自立,*,*,五段・ラ行,未然形・母音調和,はおる,ハオレ,ハオレ
よえ,831,831,9099,動詞,自立,*,*,五段・ワ行ウ音便,未然形・母音調和,よう,ヨエ,ヨエ
ふれ,792,792,8486,動詞,自立,*,*,五段・ラ行,未然形・母音調和,ふる,フレ,フレ
これ,792,792,8991,動詞,自立,*,*,五段・ラ行,未然形・母音調和,こる,コレ,コレ
砕け,665,665,6216,動詞,自立,*,*,五段・カ行イ音便,未然形・母音調和,砕く,クダケ,クダケ
いえ,832,832,7226,動詞,自立,*,*,五段・ワ行ウ音便,未然形・母音調和,いう,ユエ,ユエ
呼べ,758,758,6209,動詞,自立,*,*,五段・バ行,未然形・母音調和,呼ぶ,ヨベ,ヨベ
住め,769,769,6136,動詞,自立,*,*,五段・マ行,未然形・母音調和,住む,スメ,スメ
生かせ,725,725,6224,動詞,自立,*,*,五段・サ行,未然形・母音調和,生かす,イカセ,イカセ
進め,769,769,6197,動詞,自立,*,*,五段・マ行,未然形・母音調和,進む,ススメ,ススメ
動け,665,665,6198,動詞,自立,*,*,五段・カ行イ音便,未然形・母音調和,動く,ウゴケ,ウゴケ
選べ,758,758,5903,動詞,自立,*,*,五段・バ行,未然形・母音調和,選ぶ,エラベ,エラベ
しずめ,769,769,8481,動詞,自立,*,*,五段・マ行,未然形・母音調和,しずむ,シズメ,シズメ
おしめ,769,769,8481,動詞,自立,*,*,五段・マ行,未然形・母音調和,おしむ,オシメ,オシメ
あえ,852,852,8064,動詞,自立,*,*,五段・ワ行促音便,未然形・母音調和,あう,アエ,アエ
埋もれ,792,792,6198,動詞,自立,*,*,五段・ラ行,未然形・母音調和,埋もる,ウズモレ,ウズモレ
保て,735,735,6198,動詞,自立,*,*,五段・タ行,未然形・母音調和,保つ,タモテ,タモテ
打ち込め,769,769,6198,動詞,自立,*,*,五段・マ行,未然形・母音調和,打ち込む,ウチコメ,ウチコメ
もらえ,852,852,8709,動詞,自立,*,*,五段・ワ行促音便,未然形・母音調和,もらう,モラエ,モラエ
まくれ,1271,1271,8949,動詞,非自立,*,*,五段・ラ行,未然形・母音調和,まくる,マクレ,マクレ
うだれ,792,792,8481,動詞,自立,*,*,五段・ラ行,未然形・母音調和,うだる,ウダレ,ウダレ
たれ,792,792,9319,動詞,自立,*,*,五段・ラ行,未然形・母音調和,たる,タレ,タレ
消せ,725,725,6183,動詞,自立,*,*,五段・サ行,未然形・母音調和,消す,ケセ,ケセ
通え,852,852,6049,動詞,自立,*,*,五段・ワ行促音便,未然形・母音調和,通う,カヨエ,カヨエ
組め,769,769,5954,動詞,自立,*,*,五段・マ行,未然形・母音調和,組む,クメ,クメ
済ませ,725,725,6198,動詞,自立,*,*,五段・サ行,未然形・母音調和,済ます,スマセ,スマセ
踏め,769,769,6198,動詞,自立,*,*,五段・マ行,未然形・母音調和,踏む,フメ,フメ
いなせ,725,725,8481,動詞,自立,*,*,五段・サ行,未然形・母音調和,いなす,イナセ,イナセ
かせ,725,725,8605,動詞,自立,*,*,五段・サ行,未然形・母音調和,かす,カセ,カセ
経て,735,735,5236,動詞,自立,*,*,五段・タ行,未然形・母音調和,経つ,タテ,タテ
食え,831,831,5771,動詞,自立,*,*,五段・ワ行ウ音便,未然形・母音調和,食う,クエ,クエ
わかれ,792,792,7825,動詞,自立,*,*,五段・ラ行,未然形・母音調和,わかる,ワカレ,ワカレ
くくれ,792,792,8481,動詞,自立,*,*,五段・ラ行,未然形・母音調和,くくる,ククレ,ククレ
しだけ,665,665,8481,動詞,自立,*,*,五段・カ行イ音便,未然形・母音調和,しだく,シダケ,シダケ
つくれ,792,792,8482,動詞,自立,*,*,五段・ラ行,未然形・母音調和,つくる,ツクレ,ツクレ
詰め,769,769,6199,動詞,自立,*,*,五段・マ行,未然形・母音調和,詰む,ツメ,ツメ
使いこなせ,725,725,6198,動詞,自立,*,*,五段・サ行,未然形・母音調和,使いこなす,ツカイコナセ,ツカイコナセ
終わらせ,725,725,6198,動詞,自立,*,*,五段・サ行,未然形・母音調和,終わらす,オワラセ,オワラセ
潜め,769,769,6198,動詞,自立,*,*,五段・マ行,未然形・母音調和,潜む,ヒソメ,ヒソメ
おわせ,725,725,8481,動詞,自立,*,*,五段・サ行,未然形・母音調和,おわす,オワセ,オワセ
溶け,665,665,5993,動詞,自立,*,*,五段・カ行イ音便,未然形・母音調和,溶く,トケ,トケ
つかれ,792,792,8470,動詞,自立,*,*,五段・ラ行,未然形・母音調和,つかる,ツカレ,ツカレ
ねだれ,792,792,8536,動詞,自立,*,*,五段・ラ行,未然形・母音調和,ねだる,ネダレ,ネダレ
さけ,665,665,8490,動詞,自立,*,*,五段・カ行イ音便,未然形・母音調和,さく,サケ,サケ
成せ,725,725,6198,動詞,自立,*,*,五段・サ行,未然形・母音調和,成す,ナセ,ナセ
とどまれ,792,792,8481,動詞,自立,*,*,五段・ラ行,未然形・母音調和,とどまる,トドマレ,トドマレ
頑張れ,792,792,6283,動詞,自立,*,*,五段・ラ行,未然形・母音調和,頑張る,ガンバレ,ガンバレ
でばれ,792,792,8481,動詞,自立,*,*,五段・ラ行,未然形・母音調和,でばる,デバレ,デバレ
ほうれ,792,792,8481,動詞,自立,*,*,五段・ラ行,未然形・母音調和,ほうる,ホウレ,ホーレ
読め,769,769,6228,動詞,自立,*,*,五段・マ行,未然形・母音調和,読む,ヨメ,ヨメ
温め,769,769,6198,動詞,自立,*,*,五段・マ行,未然形・母音調和,温む,ヌルメ,ヌルメ
したえ,852,852,8690,動詞,自立,*,*,五段・ワ行促音便,未然形・母音調和,したう,シタエ,シタエ
訳せ,725,725,6198,動詞,自立,*,*,五段・サ行,未然形・母音調和,訳す,ヤクセ,ヤクセ
ちゃえ,852,852,7398,動詞,自立,*,*,五段・ワ行促音便,未然形・母音調和,ちゃう,チャエ,チャエ
いけ,687,687,7740,動詞,自立,*,*,五段・カ行促音便,未然形・母音調和,いく,イケ,イケ
とえ,852,852,9382,動詞,自立,*,*,五段・ワ行促音便,未然形・母音調和,とう,トエ,トエ
かしげ,714,714,8481,動詞,自立,*,*,五段・ガ行,未然形・母音調和,かしぐ,カシゲ,カシゲ
たため,769,769,8481,動詞,自立,*,*,五段・マ行,未然形・母音調和,たたむ,タタメ,タタメ
やめ,769,769,8884,動詞,自立,*,*,五段・マ行,未然形・母音調和,やむ,ヤメ,ヤメ
まわれ,1277,1277,8972,動詞,非自立,*,*,五段・ラ行,未然形・母音調和,まわる,マワレ,マワレ
隠せ,725,725,6190,動詞,自立,*,*,五段・サ行,未然形・母音調和,隠す,カクセ,カクセ
いただけ,665,665,8481,動詞,自立,*,*,五段・カ行イ音便,未然形・母音調和,いただく,イタダケ,イタダケ
ならえ,852,852,8516,動詞,自立,*,*,五段・ワ行促音便,未然形・母音調和,ならう,ナラエ,ナラエ
かて,735,735,8660,動詞,自立,*,*,五段・タ行,未然形・母音調和,かつ,カテ,カテ
暮らせ,725,725,6198,動詞,自立,*,*,五段・サ行,未然形・母音調和,暮らす,クラセ,クラセ
掛かれ,792,792,6247,動詞,自立,*,*,五段・ラ行,未然形・母音調和,掛かる,カカレ,カカレ
習え,852,852,6211,動詞,自立,*,*,五段・ワ行促音便,未然形・母音調和,習う,ナラエ,ナラエ
思いつけ,665,665,6198,動詞,自立,*,*,五段・カ行イ音便,未然形・母音調和,思いつく,オモイツケ,オモイツケ
たれ,1271,1271,9915,動詞,非自立,*,*,五段・ラ行,未然形・母音調和,たる,タレ,タレ
いなめ,769,769,8509,動詞,自立,*,*,五段・マ行,未然形・母音調和,いなむ,イナメ,イナメ
てけ,1071,1071,8866,動詞,非自立,*,*,五段・カ行促音便,未然形・母音調和,てく,テケ,テケ
ゆれ,792,792,9486,動詞,自立,*,*,五段・ラ行,未然形・母音調和,ゆる,ユレ,ユレ
からめ,769,769,8660,動詞,自立,*,*,五段・マ行,未然形・母音調和,からむ,カラメ,カラメ
つぶれ,792,792,8481,動詞,自立,*,*,五段・ラ行,未然形・母音調和,つぶる,ツブレ,ツブレ
きどれ,792,792,8481,動詞,自立,*,*,五段・ラ行,未然形・母音調和,きどる,キドレ,キドレ
知れ,792,792,6091,動詞,自立,*,*,五段・ラ行,未然形・母音調和,知る,シレ,シレ
笑わせ,725,725,6198,動詞,自立,*,*,五段・サ行,未然形・母音調和,笑わす,ワラワセ,ワラワセ
点け,665,665,6187,動詞,自立,*,*,五段・カ行イ音便,未然形・母音調和,点く,ツケ,ツケ
すだけ,665,665,8481,動詞,自立,*,*,五段・カ行イ音便,未然形・母音調和,すだく,スダケ,スダケ
押し込め,769,769,6198,動詞,自立,*,*,五段・マ行,未然形・母音調和,押し込む,オシコメ,オシコメ
しけ,665,665,8653,動詞,自立,*,*,五段・カ行イ音便,未然形・母音調和,しく,シケ,シケ
わけ,665,665,8274,動詞,自立,*,*,五段・カ行イ音便,未然形・母音調和,わく,ワケ,ワケ
座れ,792,792,6198,動詞,自立,*,*,五段・ラ行,未然形・母音調和,座る,スワレ,スワレ
擦り切れ,792,792,6198,動詞,自立,*,*,五段・ラ行,未然形・母音調和,擦り切る,スリキレ,スリキレ
なされ,815,815,8351,動詞,自立,*,*,五段・ラ行特殊,未然形・母音調和,なさる,ナサレ,ナサレ
苦しめ,769,769,6198,動詞,自立,*,*,五段・マ行,未然形・母音調和,苦しむ,クルシメ,クルシメ
行きつけ,665,665,6198,動詞,自立,*,*,五段・カ行イ音便,未然形・母音調和,行きつく,イキツケ,イキツケ
行きつけ,665,665,6198,動詞,自立,*,*,五段・カ行イ音便,未然形・母音調和,行きつく,ユキツケ,ユキツケ
うたえ,852,852,8481,動詞,自立,*,*,五段・ワ行促音便,未然形・母音調和,うたう,ウタエ,ウタエ
生れ,792,792,6381,動詞,自立,*,*,五段・ラ行,未然形・母音調和,生る,ナレ,ナレ
表せ,725,725,6198,動詞,自立,*,*,五段・サ行,未然形・母音調和,表す,アラワセ,アラワセ
廃れ,792,792,6198,動詞,自立,*,*,五段・ラ行,未然形・母音調和,廃る,スタレ,スタレ
思わせ,725,725,6198,動詞,自立,*,*,五段・サ行,未然形・母音調和,思わす,オモワセ,オモワセ
やれ,1278,1278,8488,動詞,非自立,*,*,五段・ラ行,未然形・母音調和,やる,ヤレ,ヤレ
しせ,725,725,8482,動詞,自立,*,*,五段・サ行,未然形・母音調和,しす,シセ,シセ
いえ,853,853,6923,動詞,自立,*,*,五段・ワ行促音便,未然形・母音調和,いう,イエ,イエ
読み込め,769,769,6198,動詞,自立,*,*,五段・マ行,未然形・母音調和,読み込む,ヨミコメ,ヨミコメ
習わせ,725,725,6198,動詞,自立,*,*,五段・サ行,未然形・母音調和,習わす,ナラワセ,ナラワセ
のせ,725,725,8569,動詞,自立,*,*,五段・サ行,未然形・母音調和,のす,ノセ,ノセ
値切れ,792,792,6181,動詞,自立,*,*,五段・ラ行,未然形・母音調和,値切る,ネギレ,ネギレ
干せ,725,725,6198,動詞,自立,*,*,五段・サ行,未然形・母音調和,干す,ホセ,ホセ
すめ,769,769,8537,動詞,自立,*,*,五段・マ行,未然形・母音調和,すむ,スメ,スメ
ぎせ,725,725,8481,動詞,自立,*,*,五段・サ行,未然形・母音調和,ぎす,ギセ,ギセ
ごまかせ,725,725,8481,動詞,自立,*,*,五段・サ行,未然形・母音調和,ごまかす,ゴマカセ,ゴマカセ
さされ,792,792,8545,動詞,自立,*,*,五段・ラ行,未然形・母音調和,ささる,ササレ,ササレ
組合せ,725,725,6198,動詞,自立,*,*,五段・サ行,未然形・母音調和,組合す,クミアワセ,クミアワセ
開け,665,665,6198,動詞,自立,*,*,五段・カ行イ音便,未然形・母音調和,開く,ヒラケ,ヒラケ
開け,665,665,6198,動詞,自立,*,*,五段・カ行イ音便,未然形・母音調和,開く,アケ,アケ
され,792,792,9395,動詞,自立,*,*,五段・ラ行,未然形・母音調和,さる,サレ,サレ
思え,831,831,6142,動詞,自立,*,*,五段・ワ行ウ音便,未然形・母音調和,思う,オモエ,オモエ
含め,769,769,6198,動詞,自立,*,*,五段・マ行,未然形・母音調和,含む,フクメ,フクメ
摂れ,792,792,6198,動詞,自立,*,*,五段・ラ行,未然形・母音調和,摂る,トレ,トレ
ひっつけ,665,665,8478,動詞,自立,*,*,五段・カ行イ音便,未然形・母音調和,ひっつく,ヒッツケ,ヒッツケ
ぬけ,665,665,8481,動詞,自立,*,*,五段・カ行イ音便,未然形・母音調和,ぬく,ヌケ,ヌケ
込み入れ,792,792,6198,動詞,自立,*,*,五段・ラ行,未然形・母音調和,込み入る,コミイレ,コミイレ
からまれ,792,792,8481,動詞,自立,*,*,五段・ラ行,未然形・母音調和,からまる,カラマレ,カラマレ
くっつけ,665,665,8481,動詞,自立,*,*,五段・カ行イ音便,未然形・母音調和,くっつく,クッツケ,クッツケ
慰め,769,769,6198,動詞,自立,*,*,五段・マ行,未然形・母音調和,慰む,ナグサメ,ナグサメ
片づけ,665,665,6198,動詞,自立,*,*,五段・カ行イ音便,未然形・母音調和,片づく,カタヅケ,カタズケ
片づけ,665,665,6198,動詞,自立,*,*,五段・カ行イ音便,未然形・母音調和,片づく,カタヅケ,カタヅケ
浮かべ,758,758,6198,動詞,自立,*,*,五段・バ行,未然形・母音調和,浮かぶ,ウカベ,ウカベ
めくれ,792,792,8481,動詞,自立,*,*,五段・ラ行,未然形・母音調和,めくる,メクレ,メクレ
炊け,665,665,6200,動詞,自立,*,*,五段・カ行イ音便,未然形・母音調和,炊く,タケ,タケ
あめ,769,769,8725,動詞,自立,*,*,五段・マ行,未然形・母音調和,あむ,アメ,アメ
しめ,769,769,8510,動詞,自立,*,*,五段・マ行,未然形・母音調和,しむ,シメ,シメ
合せ,725,725,6184,動詞,自立,*,*,五段・サ行,未然形・母音調和,合す,アワセ,アワセ
かえ,852,852,7919,動詞,自立,*,*,五段・ワ行促音便,未然形・母音調和,かう,カエ,カエ
こえ,852,852,8994,動詞,自立,*,*,五段・ワ行促音便,未然形・母音調和,こう,コエ,コエ
ゆえ,852,852,8358,動詞,自立,*,*,五段・ワ行促音便,未然形・母音調和,ゆう,ユエ,ユエ
変われ,792,792,6182,動詞,自立,*,*,五段・ラ行,未然形・母音調和,変わる,カワレ,カワレ
そわれ,792,792,8481,動詞,自立,*,*,五段・ラ行,未然形・母音調和,そわる,ソワレ,ソワレ
痛め,769,769,6198,動詞,自立,*,*,五段・マ行,未然形・母音調和,痛む,イタメ,イタメ
待たせ,725,725,6190,動詞,自立,*,*,五段・サ行,未然形・母音調和,待たす,マタセ,マタセ
移せ,725,725,6198,動詞,自立,*,*,五段・サ行,未然形・母音調和,移す,ウツセ,ウツセ
すけ,665,665,8769,動詞,自立,*,*,五段・カ行イ音便,未然形・母音調和,すく,スケ,スケ
会え,852,852,6554,動詞,自立,*,*,五段・ワ行促音便,未然形・母音調和,会う,アエ,アエ
繋がれ,792,792,6198,動詞,自立,*,*,五段・ラ行,未然形・母音調和,繋がる,ツナガレ,ツナガレ
片付け,665,665,6198,動詞,自立,*,*,五段・カ行イ音便,未然形・母音調和,片付く,カタヅケ,カタズケ
かぶれ,792,792,8513,動詞,自立,*,*,五段・ラ行,未然形・母音調和,かぶる,カブレ,カブレ
喋れ,792,792,5929,動詞,自立,*,*,五段・ラ行,未然形・母音調和,喋る,シャベレ,シャベレ
言い表せ,725,725,6198,動詞,自立,*,*,五段・サ行,未然形・母音調和,言い表す,イイアラワセ,イーアラワセ
しおれ,792,792,8481,動詞,自立,*,*,五段・ラ行,未然形・母音調和,しおる,シオレ,シオレ
づけ,665,665,8497,動詞,自立,*,*,五段・カ行イ音便,未然形・母音調和,づく,ヅケ,ズケ
担げ,714,714,6198,動詞,自立,*,*,五段・ガ行,未然形・母音調和,担ぐ,カツゲ,カツゲ
どけ,665,665,8492,動詞,自立,*,*,五段・カ行イ音便,未然形・母音調和,どく,ドケ,ドケ
達せ,725,725,6198,動詞,自立,*,*,五段・サ行,未然形・母音調和,達す,タッセ,タッセ
させ,725,725,8606,動詞,自立,*,*,五段・サ行,未然形・母音調和,さす,サセ,サセ
でけ,568,568,7602,動詞,自立,*,*,一段,未然形・母音調和,できる,デケ,デケ
でけ,939,939,8650,動詞,非自立,*,*,一段,未然形・母音調和,できる,デケ,デケ
生け,568,568,6353,動詞,自立,*,*,一段,未然形・母音調和,生きる,イケ,イケ
いけ,568,568,8649,動詞,自立,*,*,一段,未然形・母音調和,いきる,イケ,イケ
おけ,568,568,8626,動詞,自立,*,*,一段,未然形・母音調和,おきる,オケ,オケ
かれ,568,568,8502,動詞,自立,*,*,一段,未然形・母音調和,かりる,カレ,カレ
すげ,568,568,8453,動詞,自立,*,*,一段,未然形・母音調和,すぎる,スゲ,スゲ
伸べ,568,568,6198,動詞,自立,*,*,一段,未然形・母音調和,伸びる,ノビ,ノビ
たれ,568,568,8831,動詞,自立,*,*,一段,未然形・母音調和,たりる,タレ,タレ
あけ,568,568,8481,動詞,自立,*,*,一段,未然形・母音調和,あきる,アケ,アケ
降れ,568,568,5795,動詞,自立,*,*,一段,未然形・母音調和,降りる,オレ,オレ
おれ,568,568,8534,動詞,自立,*,*,一段,未然形・母音調和,おりる,オレ,オレ
めえ,568,568,8725,動詞,自立,*,*,一段,未然形・母音調和,みる,メエ,メー
げすれ,792,792,8481,動詞,自立,*,*,五段・ラ行,未然形・母音調和,げする,ゲスレ,ゲスレ
減れ,792,792,6198,動詞,自立,*,*,五段・ラ行,未然形・母音調和,減れ,ヘレ,ヘレ
