好きゃ,1483,1483,6037,名詞,形容動詞語幹・縮約形,*,*,*,*,好きや,スキャ,スキャ
好っきゃ,1483,1483,6037,名詞,形容動詞語幹・縮約形,*,*,*,*,好きや,スッキャ,スッキャ
すきゃ,1483,1483,7028,名詞,形容動詞語幹・縮約形,*,*,*,*,すきや,スキャ,スキャ
すっきゃ,1483,1483,7028,名詞,形容動詞語幹・縮約形,*,*,*,*,すきや,スッキャ,スッキャ
こっちゃ,1501,1501,6882,名詞,非自立・縮約形,一般,*,*,*,ことや,コッチャ,コッチャ
がっつり,5,5,3440,副詞,助詞類接続,*,*,*,*,がっつり,ガッツリ,ガッツリ
まじ,3,3,6567,副詞,一般,*,*,*,*,まじ,マジ,マジ
まじで,1656,1656,5043,感動詞,*,*,*,*,*,まじで,マジデ,マジデ
マジで,1656,1656,5043,感動詞,*,*,*,*,*,まじで,マジデ,マジデ
まじ,1656,1656,5989,感動詞,*,*,*,*,*,まじ,マジ,マジ
まじで,3,3,6817,副詞,一般,*,*,*,*,まじで,マジデ,マジデ
マジで,3,3,6817,副詞,一般,*,*,*,*,まじで,マジデ,マジデ
めちゃ,3,3,6421,副詞,一般,*,*,*,*,めちゃ,メチャ,メチャ
めちゃめちゃ,3,3,6420,副詞,一般,*,*,*,*,めちゃめちゃ,メチャメチャ,メチャメチャ
めっちゃくちゃ,3,3,6420,副詞,一般,*,*,*,*,めっちゃくちゃ,メッチャクチャ,メッチャクチャ
めちゃくちゃ,3,3,8027,副詞,一般,*,*,*,*,めちゃくちゃ,メチャクチャ,メチャクチャ
むっちゃくっちゃ,3,3,6420,副詞,一般,*,*,*,*,むっちゃくっちゃ,ムッチャクッチャ,ムッチャクッチャ
めちゃくちゃ,3,3,8027,副詞,一般,*,*,*,*,めちゃくちゃ,メチャクチャ,メチャクチャ
わちゃわちゃ,3,3,6420,副詞,一般,*,*,*,*,わちゃわちゃ,ワチャワチャ,ワチャワチャ
ようさん,3,3,6420,副詞,一般,*,*,*,*,ようさん,ヨウサン,ヨーサン
ぎょうさん,3,3,6420,副詞,一般,*,*,*,*,ぎょうさん,ギョウサン,ギョ－サン
よさん,3,3,6420,副詞,一般,*,*,*,*,ようさん,ヨサン,ヨーサン
ぎょさん,3,3,6420,副詞,一般,*,*,*,*,ぎょうさん,ギョサン,ギョサン
ばり,3,3,6420,副詞,一般,*,*,*,*,ばり,バリ,バリ
バリ,3,3,3981,副詞,一般,*,*,*,*,バリ,バリ,バリ
ほんま,3,3,3509,副詞,一般,*,*,*,*,ほんま,ホンマ,ホンマ
ホンマ,3,3,1070,副詞,一般,*,*,*,*,ほんま,ホンマ,ホンマ
ほんまに,3,3,4491,副詞,一般,*,*,*,*,ほんまに,ホンマニ,ホンマニ
凄い,3,3,3796,副詞,一般,*,*,*,*,凄い,スゴイ,スゴイ
すごい,3,3,6425,副詞,一般,*,*,*,*,すごい,スゴイ,スゴイ
ものすごく,3,3,6420,副詞,一般,*,*,*,*,ものすごく,モノスゴク,モノスゴク
物凄く,3,3,3530,副詞,一般,*,*,*,*,物凄く,モノスゴク,モノスゴク
物すごく,3,3,3530,副詞,一般,*,*,*,*,物すごく,モノスゴク,モノスゴク
もの凄く,3,3,6420,副詞,一般,*,*,*,*,もの凄く,モノスゴク,モノスゴク
ものすごい,3,3,6138,副詞,一般,*,*,*,*,ものすごい,モノスゴイ,モノスゴイ
物凄い,3,3,3529,副詞,一般,*,*,*,*,物凄い,モノスゴイ,モノスゴイ
物すごい,3,3,3529,副詞,一般,*,*,*,*,物すごい,モノスゴイ,モノスゴイ
もの凄い,3,3,6420,副詞,一般,*,*,*,*,もの凄い,モノスゴイ,モノスゴイ
ものっすごい,3,3,6420,副詞,一般,*,*,*,*,ものっすごい,モノッスゴイ,モノッスゴイ
ものっすごく,3,3,6420,副詞,一般,*,*,*,*,ものっすごい,モノッスゴイ,モノッスゴイ
ほんま,1656,1656,6742,感動詞,*,*,*,*,*,ほんま,ホンマ,ホンマ
ホンマ,1656,1656,3964,感動詞,*,*,*,*,*,ほんま,ホンマ,ホンマ
た,0,0,0,助詞,接続助詞,*,*,*,*,た,タ,タ
だ,0,0,0,助詞,接続助詞,*,*,*,*,だ,ダ,ダ
や,386,386,7657,助詞,格助詞,連語,*,*,*,や,ヤ,ヤ
やから,1657,1657,5019,接続詞,*,*,*,*,*,やから,ヤカラ,ヤカラ
さから,1657,1657,4569,接続詞,*,*,*,*,*,さから,サカラ,サカラ
風,1500,1500,6987,名詞,非自立,形容動詞語幹,*,*,*,風,フウ,フー
あこ,1467,1467,6191,名詞,代名詞・縮約形,*,*,*,*,あそこ,アコ,アコ
あっこ,1467,1467,6176,名詞,代名詞・縮約形,*,*,*,*,あそこ,アッコ,アッコ
そら,1467,1467,6711,名詞,代名詞・縮約形,*,*,*,*,それは,ソラ,ソラ
こら,1467,1467,7033,名詞,代名詞・縮約形,*,*,*,*,これは,コラ,コラ
あら,1467,1467,6939,名詞,代名詞・縮約形,*,*,*,*,あれは,アラ,アラ
ありゃ,1467,1467,6937,名詞,代名詞・縮約形,*,*,*,*,あれは,アリャ,アリャ
そりゃ,1467,1467,7127,名詞,代名詞・縮約形,*,*,*,*,それは,ソリャ,ソリャ
こりゃ,1467,1467,6939,名詞,代名詞・縮約形,*,*,*,*,これは,コリャ,コリャ
こた,1467,1467,6937,名詞,代名詞・縮約形,*,*,*,*,ことは,コタ,コタ
うち,1464,1464,4568,名詞,代名詞,一般,*,*,*,うち,ウチ,ウチ
おまん,1464,1464,4282,名詞,代名詞,一般,*,*,*,おまん,オマン,オマン
こないだ,1470,1470,6084,名詞,副詞可能・縮約形,*,*,*,*,この間,コナイダ,コナイダ
こんないだ,1470,1470,6351,名詞,副詞可能・縮約形,*,*,*,*,この間,コンナイダ,コンナイダ
こっから,399,399,5717,助詞,格助詞・縮約形,一般,*,*,*,ここから,コッカラ,コッカラ
そっから,400,400,6800,助詞,格助詞・縮約形,一般,*,*,*,そこから,ソッカラ,ソッカラ
そ,6,6,6512,副詞,助詞類接続・短音化,*,*,*,*,そう,ソ,ソ
ほう,5,5,3609,副詞,助詞類接続,*,*,*,*,ほう,ホウ,ホー
ほ,6,6,4264,副詞,助詞類接続・短音化,*,*,*,*,ほ,ホ,ホ
せ,6,6,5074,副詞,助詞類接続・短音化,*,*,*,*,そう,セ,セ
こんなん,1461,1461,5144,名詞,一般,副詞可能,*,*,*,こんなん,コンナン,コンナン
そんなん,1461,1461,4238,名詞,一般,副詞可能,*,*,*,そんなん,ソンナン,ソンナン
あんなん,1461,1461,5777,名詞,一般,副詞可能,*,*,*,あんなん,アンナン,アンナン
どんなん,1461,1461,5185,名詞,一般,副詞可能,*,*,*,どんなん,ドンナン,ドンナン
こない,3,3,6279,副詞,一般,*,*,*,*,こない,コナイ,コナイ
そない,3,3,6420,副詞,一般,*,*,*,*,そない,ソナイ,ソナイ
あない,3,3,6420,副詞,一般,*,*,*,*,あない,アナイ,アナイ
どない,3,3,6420,副詞,一般,*,*,*,*,どない,ドナイ,ドナイ
こないに,3,3,6420,副詞,一般,*,*,*,*,こないに,コナイニ,コナイニ
そないに,3,3,6420,副詞,一般,*,*,*,*,そないに,ソナイニ,ソナイニ
あないに,3,3,6420,副詞,一般,*,*,*,*,あないに,アナイニ,アナイニ
どないに,3,3,6420,副詞,一般,*,*,*,*,どないに,ドナイニ,ドナイニ
こんだけ,4,4,4691,副詞,一般・縮約形,*,*,*,*,これだけ,コンダケ,コンダケ
そんだけ,4,4,4697,副詞,一般・縮約形,*,*,*,*,それだけ,ソンダケ,ソンダケ
あんだけ,4,4,4707,副詞,一般・縮約形,*,*,*,*,あれだけ,アンダケ,アンダケ
どんだけ,4,4,4691,副詞,一般・縮約形,*,*,*,*,どれだけ,ドンダケ,ドンダケ
こんなけ,4,4,4691,副詞,一般・縮約形,*,*,*,*,これなけ,コンナケ,コンナケ
そんなけ,4,4,4691,副詞,一般・縮約形,*,*,*,*,それなけ,ソンナケ,ソンナケ
あんなけ,4,4,4691,副詞,一般・縮約形,*,*,*,*,あれなけ,アンナケ,アンナケ
どんなけ,4,4,4691,副詞,一般・縮約形,*,*,*,*,どれなけ,ドンナケ,ドンナケ
こん,1675,1675,5335,連体詞,*,*,*,*,*,この,コン,コン
そん,1675,1675,5747,連体詞,*,*,*,*,*,その,ソン,ソン
あん,1675,1675,6063,連体詞,*,*,*,*,*,あの,アン,アン
どん,1675,1675,4845,連体詞,*,*,*,*,*,どの,ドン,ドン
こん,1465,1465,6773,名詞,代名詞,一般・撥音便,*,*,*,これ,コン,コン
そん,1465,1465,7505,名詞,代名詞,一般・撥音便,*,*,*,それ,ソン,ソン
あん,1465,1465,6707,名詞,代名詞,一般・撥音便,*,*,*,あれ,アン,アン
どん,1465,1465,7092,名詞,代名詞,一般・撥音便,*,*,*,どれ,ドン,ドン
なん,1496,1496,8243,名詞,非自立,*,*,*,縮約形,なの,ナン,ナン
あんま,7,7,2362,副詞,助詞類接続・縮約形,*,*,*,*,あんまり,アンマ,アンマ
あんま,1483,1483,6376,名詞,形容動詞語幹・縮約形,*,*,*,*,あんまり,アンマ,アンマ
て,401,401,4055,助詞,格助詞・縮約形,連語,*,*,*,って,テ,テ
っ,401,401,7313,助詞,格助詞・縮約形,連語,*,*,*,って,ッ,ッ
らへん,1485,1485,6163,名詞,接尾,一般,*,*,*,らへん,ラヘン,ラヘン
かめへん,1656,1656,5955,感動詞,*,*,*,*,*,かめへん,カメヘン,カメヘン
かまへん,1656,1656,5955,感動詞,*,*,*,*,*,かまへん,カマヘン,カマヘン
かまん,1656,1656,5955,感動詞,*,*,*,*,*,かまん,カマン,カマン
めんどうくせえ,1656,1656,5955,感動詞,*,*,*,*,*,めんどうくさい,メンドウクセエ,メンドークセー
めんどうくせー,1656,1656,5955,感動詞,*,*,*,*,*,めんどうくさい,メンドウクセー,メンドークセー
ね,1496,1496,6827,名詞,非自立,*,*,*,縮約形,なの,ネ,ネ
ねん,1497,1497,6393,名詞,非自立,一般,*,*,*,ねん,ネン,ネン
ちゃう,1656,1656,6156,感動詞,*,*,*,*,*,ちゃう,チャウ,チャウ
違う,1656,1656,4854,感動詞,*,*,*,*,*,違う,チャウ,チャウ
くない,197,197,6128,助詞,*,*,*,特殊・ナイ,基本形,くない,クナイ,クナイ
なんぼ,5,5,3440,副詞,助詞類接続,*,*,*,*,なんぼ,ナンボ,ナンボ
何ぼ,5,5,2307,副詞,助詞類接続,*,*,*,*,何ぼ,ナンボ,ナンボ
なんぼ,1460,1460,7767,名詞,一般,*,*,*,*,なんぼ,ナンボ,ナンボ
何ぼ,1460,1460,6450,名詞,一般,*,*,*,*,何ぼ,ナンボ,ナンボ
ッ,1656,1656,3846,感動詞,*,*,*,*,*,ッ,ッ,ッ
っ,1656,1656,5213,感動詞,*,*,*,*,*,っ,ッ,ッ
な,1656,1656,7524,感動詞,*,*,*,*,*,な,ナ,ナ
なー,1656,1656,6632,感動詞,*,*,*,*,*,なー,ナア,ナー
さー,1656,1656,5631,感動詞,*,*,*,*,*,さー,サア,サー
なあ,1656,1656,6632,感動詞,*,*,*,*,*,なー,ナア,ナー
なぁ,1656,1656,6632,感動詞,*,*,*,*,*,なー,ナア,ナー
すげー,1656,1656,5955,感動詞,*,*,*,*,*,すげー,スゲー,スゲー
すっげー,1656,1656,5955,感動詞,*,*,*,*,*,すっげー,スッゲー,スッゲー
すっげえ,1656,1656,5955,感動詞,*,*,*,*,*,すっげえ,スッゲエ,スッゲー
すごーい,1656,1656,5955,感動詞,*,*,*,*,*,すごーい,スゴーイ,スゴーイ
すげえ,1656,1656,5920,感動詞,*,*,*,*,*,すげえ,スゲエ,スゲー
やべー,1656,1656,5955,感動詞,*,*,*,*,*,やべー,ヤベー,ヤベー
やべえ,1656,1656,5955,感動詞,*,*,*,*,*,やべえ,ヤベエ,ヤベー
こえー,1656,1656,5955,感動詞,*,*,*,*,*,こえー,コエー,コエー
いっか,1656,1656,5955,感動詞,*,*,*,*,*,いっか,イッカ,イッカ
えっか,1656,1656,5955,感動詞,*,*,*,*,*,えっか,エッカ,エッカ
いっかい,1656,1656,6353,感動詞,*,*,*,*,*,いっかい,イッカイ,イッカイ
えっかい,1656,1656,5955,感動詞,*,*,*,*,*,えっかい,エッカイ,エッカイ
べっちょない,1656,1656,5955,感動詞,*,*,*,*,*,べっちょない,ベッチョナイ,ベッチョナイ
あきまへん,1656,1656,5955,感動詞,*,*,*,*,*,あきまへん,あきまへん,あきまへん
オーライ,1656,1656,3177,感動詞,*,*,*,*,*,オーライ,オーライ,オーライ
えっと,2,2,3693,フィラー,*,*,*,*,*,えっと,エット,エット
えっとね,2,2,5869,フィラー,*,*,*,*,*,えっとね,エットネ,エットネ
しゃあけど,1657,1657,4569,接続詞,*,*,*,*,*,しゃあけど,シャアケド,シャーケド
へたら,1657,1657,4569,接続詞,*,*,*,*,*,へたら,ヘタラ,ヘタラ
ほたら,1657,1657,4569,接続詞,*,*,*,*,*,ほたら,ホタラ,ホタラ
さから,1657,1657,4569,接続詞,*,*,*,*,*,さから,サカラ,サカラ
ほしたら,1657,1657,6027,接続詞,*,*,*,*,*,ほしたら,ホシタラ,ホシタラ
へら,1657,1657,4569,接続詞,*,*,*,*,*,へら,ヘラ,ヘラ
だら,1657,1657,5164,接続詞,*,*,*,*,*,だら,ダラ,ダラ
へてから,1657,1657,4569,接続詞,*,*,*,*,*,へてから,ヘテカラ,ヘテカラ
へたから,1657,1657,4569,接続詞,*,*,*,*,*,へたから,ヘタカラ,ヘタカラ
ほたから,1657,1657,4569,接続詞,*,*,*,*,*,ほたから,ホタカラ,ホタカラ
そえから,1657,1657,4569,接続詞,*,*,*,*,*,そえから,ソエカラ,ソエカラ
しゃあから,1657,1657,4569,接続詞,*,*,*,*,*,しゃあから,シャアカラ,シャーカラ
しゃーから,1657,1657,4569,接続詞,*,*,*,*,*,しゃーから,シャーカラ,シャーカラ
へて,1657,1657,4569,接続詞,*,*,*,*,*,へて,ヘテ,ヘテ
へで,1657,1657,4569,接続詞,*,*,*,*,*,へで,ヘデ,ヘデ
へた,1657,1657,4247,接続詞,*,*,*,*,*,へた,ヘタ,ヘタ
ほんなん,1657,1657,4569,接続詞,*,*,*,*,*,ほんなん,ホンナン,ホンナン
ほいで,1657,1657,4568,接続詞,*,*,*,*,*,ほいで,ホイデ,ホイデ
ほいた,1657,1657,4569,接続詞,*,*,*,*,*,ほいた,ホイタ,ホイタ
ほいじゃ,1657,1657,4569,接続詞,*,*,*,*,*,ほいじゃ,ホイジャ,ホイジャ
ほいて,1657,1657,4569,接続詞,*,*,*,*,*,ほいて,ホイテ,ホイテ
ほって,1657,1657,4570,接続詞,*,*,*,*,*,ほって,ホッテ,ホッテ
ほえて,1657,1657,4569,接続詞,*,*,*,*,*,ほえて,ホエテ,ホエテ
ほえで,1657,1657,4569,接続詞,*,*,*,*,*,ほえで,ホエデ,ホエデ
ほれで,1657,1657,4569,接続詞,*,*,*,*,*,ほれで,ホレデ,ホレデ
ほで,1657,1657,4569,接続詞,*,*,*,*,*,ほで,ホデ,ホデ
そいで,1657,1657,4569,接続詞,*,*,*,*,*,そいで,ソイデ,ソイデ
そえで,1657,1657,4569,接続詞,*,*,*,*,*,そえで,ソエデ,ソエデ
そんで,1657,1657,4560,接続詞,*,*,*,*,*,そんで,ソンデ,ソンデ
そんなら,1657,1657,4569,接続詞,*,*,*,*,*,そんなら,ソンナラ,ソンナラ
そいと,1657,1657,4569,接続詞,*,*,*,*,*,そいと,ソイト,ソイト
ほいと,1657,1657,4569,接続詞,*,*,*,*,*,ほいと,ホイト,ホイト
そえと,1657,1657,4569,接続詞,*,*,*,*,*,そえと,ソエト,ソエト
ほえと,1657,1657,4569,接続詞,*,*,*,*,*,ほえと,ホエト,ホエト
さかいに,258,258,4853,助詞,接続助詞,*,*,*,*,さかいに,サカイニ,サカイニ
さけー,260,260,4853,助詞,接続助詞,*,*,*,*,さけえ,サケエ,サケー
さけえ,260,260,4853,助詞,接続助詞,*,*,*,*,さけえ,サケエ,サケー
さけ,259,259,4809,助詞,接続助詞,*,*,*,*,さけ,サケ,サケ
はけ,279,279,4853,助詞,接続助詞,*,*,*,*,はけ,ハケ,ハケ
はかい,277,277,4853,助詞,接続助詞,*,*,*,*,はかい,ハカイ,ハカイ
はかいに,278,278,4853,助詞,接続助詞,*,*,*,*,はかいに,ハカイニ,ハカイニ
そいだけ,5,5,3440,副詞,助詞類接続,*,*,*,*,そいだけ,ソイダケ,ソイダケ
ほいたら,1657,1657,4569,接続詞,*,*,*,*,*,ほいたら,ホイタラ,ホイタラ
ほいなら,1657,1657,4569,接続詞,*,*,*,*,*,ほいなら,ホイナラ,ホイナラ
ほいから,1657,1657,4569,接続詞,*,*,*,*,*,ほいから,ホイカラ,ホイカラ
ほえから,1657,1657,4569,接続詞,*,*,*,*,*,ほえから,ホエカラ,ホエカラ
のん,1497,1497,4830,名詞,非自立,一般,*,*,*,のん,ノン,ノン
のん,431,431,6602,助詞,終助詞,*,*,*,*,のん,ノン,ノン
ん,441,441,8143,助詞,終助詞,*,*,*,*,ん,ン,ン
のー,429,429,5891,助詞,終助詞,*,*,*,*,の,ノー,ノー
かて,206,206,4628,助詞,係助詞,*,*,*,*,かて,カテ,カテ
いっこ,1469,1469,6867,名詞,副詞可能,*,*,*,*,いっこ,イッコ,イッコ
あほ,1660,1660,5677,接頭詞,名詞接続,*,*,*,*,あほ,アホ,アホ
あほ,1482,1482,6925,名詞,形容動詞語幹,*,*,*,*,あほ,アホ,アホ
へん,1482,1482,7178,名詞,形容動詞語幹,*,*,*,*,へん,ヘン,ヘン
けったい,1482,1482,6925,名詞,形容動詞語幹,*,*,*,*,けったい,ケッタイ,ケッタイ
いけず,1482,1482,6925,名詞,形容動詞語幹,*,*,*,*,いけず,イケズ,イケズ
んー,2,2,3811,フィラー,*,*,*,*,*,んー,ンー,ンー
でー,421,421,4416,助詞,終助詞,*,*,*,*,で,デー,デー
けー,413,413,5306,助詞,終助詞,*,*,*,*,けー,ケー,ケー
けえ,411,411,5340,助詞,終助詞,*,*,*,*,けえ,ケエ,ケー
うわー,1656,1656,5670,感動詞,*,*,*,*,*,うわー,ウワー,ウワー
うんー,1656,1656,5955,感動詞,*,*,*,*,*,うんー,ウンー,ウンー
うんう,1656,1656,6131,感動詞,*,*,*,*,*,うんう,ウンウ,ウンウ
うお,1656,1656,5955,感動詞,*,*,*,*,*,うお,ウオ,ウオ
はー,1656,1656,5307,感動詞,*,*,*,*,*,はー,ハア,ハー
もー,1656,1656,5952,感動詞,*,*,*,*,*,もー,モオ,モー
まー,2,2,4488,フィラー,*,*,*,*,*,まー,マー,マー
ほー,2,2,5311,フィラー,*,*,*,*,*,ほー,ホー,ホー
かー,245,245,4871,助詞,副助詞／並立助詞／終助詞,*,*,*,*,か,カー,カー
てー,265,265,3677,助詞,接続助詞,*,*,*,*,て,テー,テー
わー,439,439,5172,助詞,終助詞,*,*,*,*,わ,ワア,ワー
さー,414,414,6291,助詞,終助詞,*,*,*,*,さ,サア,サー
えっとー,2,2,5188,フィラー,*,*,*,*,*,えっとー,エットオ,エットー
けどー,253,253,4150,助詞,接続助詞,*,*,*,*,けど,ケドウ,ケドー
それからー,1657,1657,4272,接続詞,*,*,*,*,*,それから,ソレカラア,ソレカラー
やっす,1656,1656,5955,感動詞,*,*,*,*,*,やっす,ヤッス,ヤッス
大っ,1660,1660,6521,接頭詞,名詞接続,*,*,*,*,大,ダイッ,ダイッ
んち,1485,1485,7851,名詞,接尾,一般,*,*,*,んち,ンチ,ンチ
ち,1485,1485,8081,名詞,接尾,一般,*,*,*,ち,チ,チ
いっちゃん,1469,1469,7039,名詞,副詞可能,*,*,*,*,いっちゃん,イッチン,イッチン
ふんで,1657,1657,4433,接続詞,*,*,*,*,*,ふんで,フンデ,フンデ
ぽっちゃり,3,3,6420,副詞,一般,*,*,*,*,ぽっちゃり,ポッチャリ,ベッチャリ
あんね,2,2,4962,フィラー,*,*,*,*,*,あのね,アンネ,アンネ
ほんだら,1657,1657,4545,接続詞,*,*,*,*,*,ほんだら,ホンダラ,ホンダラ
ふんだら,1657,1657,5469,接続詞,*,*,*,*,*,ふんだら,フンダラ,フンダラ
ボロ,1482,1482,3740,名詞,形容動詞語幹,*,*,*,*,ボロ,ボロ,ボロ
がち,1482,1482,7047,名詞,形容動詞語幹,*,*,*,*,がち,ガチ,ガチ
っか,245,245,5036,助詞,副助詞／並立助詞／終助詞,*,*,*,*,か,ッカ,ッカ
めっさ,3,3,6420,副詞,一般,*,*,*,*,めっさ,メッサ,メッサ
しょうみ,1482,1482,6918,名詞,形容動詞語幹,*,*,*,*,しょうみ,ショウミ,ショーミ
なんやかんや,5,5,3440,副詞,助詞類接続,*,*,*,*,なんやかんや,ナンヤカンヤ,ナンヤカンヤ
なんちゃら,3,3,6420,副詞,一般,*,*,*,*,なんちゃら,ナンチャラ,ナンチャラ
はっきし,5,5,3440,副詞,助詞類接続,*,*,*,*,はっきし,ハッキシ,ハッキシ
ちょっ,1660,1660,5732,接頭詞,名詞接続,*,*,*,*,ちょう,チョッ,チョッ
ちょ,1660,1660,5775,接頭詞,名詞接続,*,*,*,*,ちょう,チョ,チョ
ほんな,1657,1657,4587,接続詞,*,*,*,*,*,ほんな,ホンナ,ホンナ
いーえ,1656,1656,5955,感動詞,*,*,*,*,*,いいえ,イイエ,イーエ
いえー,1656,1656,5955,感動詞,*,*,*,*,*,いいえ,イイエ,イーエ
しー,261,261,4659,助詞,接続助詞,*,*,*,*,し,シー,シー
そうか,1656,1656,5565,感動詞,*,*,*,*,*,そうか,ソウカ,ソーカ
そっか,1656,1656,5500,感動詞,*,*,*,*,*,そっか,ソッカ,ソッカ
そっかー,1656,1656,5955,感動詞,*,*,*,*,*,そっかー,ソッカー,ソッカー
アレ,1464,1464,-228,名詞,代名詞,一般,*,*,*,あれ,アレ,アレ
ガタイ,1460,1460,3184,名詞,一般,*,*,*,*,ガタイ,ガタイ,ガタイ
ど,7,7,5323,副詞,助詞類接続・縮約形,*,*,*,*,どう,ド,ド
早っ,1656,1656,4332,感動詞,*,*,*,*,*,早っ,ハヤッ,ハヤッ
おー,1656,1656,5974,感動詞,*,*,*,*,*,おー,オー,オー
ほー,1656,1656,5955,感動詞,*,*,*,*,*,ほー,ホー,ホー
うえー,1656,1656,5789,感動詞,*,*,*,*,*,うえー,ウエー,ウエー
うえーん,1656,1656,5955,感動詞,*,*,*,*,*,うえーん,ウエーン,ウエーン
えーん,1656,1656,5955,感動詞,*,*,*,*,*,えーん,エーン,エーン
ぶわー,1656,1656,5960,感動詞,*,*,*,*,*,ぶわー,ブワー,ブワー
ぶわ,1656,1656,5955,感動詞,*,*,*,*,*,ぶわ,ブワ,ブワ
ぶわあ,1656,1656,5955,感動詞,*,*,*,*,*,ぶわあ,ブワア,ブワー
うわあ,1656,1656,5955,感動詞,*,*,*,*,*,うわあ,ウワア,ウワー
うわー,1656,1656,5670,感動詞,*,*,*,*,*,うわー,ウワー,ウワー
うーわー,1656,1656,5955,感動詞,*,*,*,*,*,うーわー,ウーワー,ウーワー
うーわ,1656,1656,5955,感動詞,*,*,*,*,*,うーわ,ウーワ,ウーワ
ドンマイ,1656,1656,3177,感動詞,*,*,*,*,*,ドンマイ,ドンマイ,ドンマイ
ちゃ,265,265,5190,助詞,接続助詞,*,*,*,*,ちゃ,チャ,チャ
どっ,1464,1464,4460,名詞,代名詞,一般,*,*,*,どっ,ドッ,ドッ
ないして,3,3,6431,副詞,一般,*,*,*,*,ないして,ナイシテ,ナイシテ
ないする,1656,1656,5955,感動詞,*,*,*,*,*,ないする,ナイスル,ナイスル
ないした,1656,1656,5955,感動詞,*,*,*,*,*,ないした,ナイシタ,ナイシタ
なした,1656,1656,5955,感動詞,*,*,*,*,*,なした,ナシタ,ナシタ
なして,3,3,6420,副詞,一般,*,*,*,*,なして,ナシテ,ナシテ
なしたら,3,3,6420,副詞,一般,*,*,*,*,なしたら,ナシタラ,ナシタラ
ない,1464,1464,6541,名詞,代名詞,一般,*,*,*,ない,ナイ,ナイ
ずーっと,3,3,7201,副詞,一般,*,*,*,*,ずっと,ズーット,ズーット
ずうっと,3,3,6627,副詞,一般,*,*,*,*,ずっと,ズウット,ズーット
ずーと,3,3,6580,副詞,一般,*,*,*,*,ずっと,ズート,ズート
ようけ,3,3,6420,副詞,一般,*,*,*,*,よけい,ヨウケ,ヨーケ
よーけ,3,3,6420,副詞,一般,*,*,*,*,よけい,ヨウケ,ヨーケ
よけ,3,3,6420,副詞,一般,*,*,*,*,よけい,ヨケ,ヨケ
やなしに,285,285,4853,助詞,接続助詞,*,*,*,*,やなしに,ヤナシニ,ヤナシニ
けん,412,412,5677,助詞,終助詞,*,*,*,*,けん,ケン,ケン
でこ,1460,1460,7789,名詞,一般,*,*,*,*,でこ,デコ,デコ
ほっとんど,3,3,6420,副詞,一般,*,*,*,*,ほっとんど,ホットンド,ホットンド
ぐっちゃぐっちゃ,3,3,6420,副詞,一般,*,*,*,*,ぐちゃぐちゃ,グッチャグッチャ,グッチャグッチャ
くりんくりん,3,3,6420,副詞,一般,*,*,*,*,くりんくりん,クリンクリン,クリンクリン
おなんし,1460,1460,7767,名詞,一般,*,*,*,*,おなじ,オナンシ,オナンシ
いちお,5,5,3440,副詞,助詞類接続,*,*,*,*,一応,イチオ,イチオ
おおきに,1656,1656,5955,感動詞,*,*,*,*,*,おおきに,オオキニ,オーキニ
ねき,1469,1469,7039,名詞,副詞可能,*,*,*,*,ねき,ネキ,ネキ
かんじ,1460,1460,7733,名詞,一般,*,*,*,*,かんじ,カンジ,カンジ
わい,1464,1464,4524,名詞,代名詞,一般,*,*,*,わい,ワイ,ワイ
わいら,1464,1464,4282,名詞,代名詞,一般,*,*,*,わいら,ワイラ,ワイラ
わしゃ,1464,1464,4282,名詞,代名詞,一般,*,*,*,わしゃ,ワシャ,ワシャ
ベン,1489,1489,4402,名詞,接尾,助数詞,*,*,*,ベン,ベン,ベン
そっか,1656,1656,5500,感動詞,*,*,*,*,*,そっか,ソッカ,ソッカ
がっくし,5,5,3440,副詞,助詞類接続,*,*,*,*,がっくし,ガックシ,ガックシ
ええっ,1656,1656,5955,感動詞,*,*,*,*,*,ええっ,エエッ,エーッ
どん,1675,1675,6000,連体詞,*,*,*,*,*,どん,ドン,ドン
ぶっちゃけ,3,3,6420,副詞,一般,*,*,*,*,ぶっちゃけ,ブッチャケ,ブッチャケ
どっこ,1464,1464,4242,名詞,代名詞,一般,*,*,*,どこ,ドッコ,ドッコ
おんなし,1675,1675,4915,連体詞,*,*,*,*,*,おんなじ,オンナシ,オンナシ
儲かりまっか,1656,1656,4330,感動詞,*,*,*,*,*,儲かりまっか,モウカリマッカ,モーカリマッカ
もうかりまっか,1656,1656,5955,感動詞,*,*,*,*,*,もうかりまっか,モウカリマッカ,モーカリマッカ
いいや,1656,1656,5972,感動詞,*,*,*,*,*,いいや,イイヤ,イーヤ
いーや,1656,1656,5955,感動詞,*,*,*,*,*,いーや,イーヤ,イーヤ
もって,281,281,5552,助詞,接続助詞,*,*,*,*,もって,モッテ,モッテ
もて,286,286,5760,助詞,接続助詞・ウ音便,*,*,*,*,もって,モテ,モテ
もうて,286,286,5760,助詞,接続助詞・ウ音便,*,*,*,*,もって,モウテ,モーテ
バリバリ,5,5,1838,副詞,助詞類接続,*,*,*,*,バリバリ,バリバリ,バリバリ
あっちゅう間に,3,3,6420,副詞,一般,*,*,*,*,あっという間に,アッチュウマニ,アッチューマニ
あっとゆ間に,3,3,6420,副詞,一般,*,*,*,*,あっという間に,アットユマニ,アットユマニ
あっとゆう間に,3,3,6420,副詞,一般,*,*,*,*,あっという間に,アットユウマニ,アットユーマニ
どうもー,1656,1656,5955,感動詞,*,*,*,*,*,どうも,ドウモウ,ドーモー
どもー,1656,1656,5955,感動詞,*,*,*,*,*,どうも,ドモウ,ドモー
んー,1656,1656,7331,感動詞,*,*,*,*,*,んー,ンー,ンー
んち,1485,1485,7851,名詞,接尾,一般,*,*,*,んち,ンチ,ンチ
がち,1482,1482,7047,名詞,形容動詞語幹,*,*,*,*,がち,ガチ,ガチ
ガチ,1482,1482,3068,名詞,形容動詞語幹,*,*,*,*,ガチ,ガチ,ガチ
練,1458,1458,6014,名詞,サ変接続・縮約形,*,*,*,*,練,レン,レン
ぼろぼろ,1482,1482,6925,名詞,形容動詞語幹,*,*,*,*,ぼろぼろ,ボロボロ,ボロボロ
ぽっつんぽっつん,3,3,6420,副詞,一般,*,*,*,*,ぽっつんぽっつん,ポッツンポッツン,ポッツンポッツン
似,1485,1485,9170,名詞,接尾,一般,*,*,*,似,ニ,ニ
っけー,419,419,5306,助詞,終助詞,*,*,*,*,っけー,ッケー,ッケー
でもー,1657,1657,3977,接続詞,*,*,*,*,*,でも,デモー,デモー
ぜんっぜん,3,3,6420,副詞,一般,*,*,*,*,ぜんっぜん,ゼンッゼン,ゼンッゼン
おはよ,1656,1656,5959,感動詞,*,*,*,*,*,おはよ,オハヨ,オハヨ
っと,263,263,6225,助詞,接続助詞,*,*,*,*,っと,ット,ット
って,262,262,5629,助詞,接続助詞,*,*,*,*,って,ッテ,ッテ
ほっこり,3,3,6420,副詞,一般,*,*,*,*,ほっこり,ホッコリ,ホッコリ
なんでー,3,3,6420,副詞,一般,*,*,*,*,なんでー,ナンデー,ナンデー
ぺちゃっと,3,3,6420,副詞,一般,*,*,*,*,ぺちゃっと,ペチャット,ペチャット
すんません,1656,1656,5902,感動詞,*,*,*,*,*,すんません,スンマセン,スンマセン
すんませーん,1656,1656,5955,感動詞,*,*,*,*,*,すんませーん,スンマセーン,スンマセーン
すみませーん,1656,1656,5955,感動詞,*,*,*,*,*,すみませーん,スミマセーン,スミマセーン
半分こ,1457,1457,5924,名詞,サ変接続,*,*,*,*,半分こ,ハンブンコ,ハンブンコ
たら,222,222,6587,助詞,副助詞,*,*,*,*,たら,タラ,タラ
ほんな,1675,1675,4914,連体詞,*,*,*,*,*,ほんな,ホンナ,ホンナ
きもちわる,1656,1656,5976,感動詞,*,*,*,*,*,きもちわる,キモチワル,キモチワル
気持ち悪,1656,1656,4435,感動詞,*,*,*,*,*,気持ち悪,キモチワル,キモチワル
気持ちわる,1656,1656,4351,感動詞,*,*,*,*,*,気持ちわる,キモチワル,キモチワル
きもわる,1656,1656,5955,感動詞,*,*,*,*,*,きもわる,キモワル,キモワル
きもー,1656,1656,5955,感動詞,*,*,*,*,*,きもー,キモー,キモー
や,1483,1483,7611,名詞,形容動詞語幹・縮約形,*,*,*,*,いや,ヤ,ヤ
お終い,1460,1460,7767,名詞,一般,*,*,*,*,お終い,オシマイ,オシマイ
にっこにっこ,3,3,6420,副詞,一般,*,*,*,*,にっこにっこ,ニッコニッコ,ニッコニッコ
やった,1656,1656,6006,感動詞,*,*,*,*,*,やった,ヤッタ,ヤッタ
たまったま,3,3,6420,副詞,一般,*,*,*,*,たまったま,タマッタマ,タマッタマ
ぼけー,1460,1460,7767,名詞,一般,*,*,*,*,ぼけー,ボケー,ボケー
ぼけえ,1460,1460,7767,名詞,一般,*,*,*,*,ぼけえ,ボケエ,ボケー
がばしょ,1656,1656,5955,感動詞,*,*,*,*,*,がばしょ,ガバショ,ガバショ
ふにょふにょ,3,3,6420,副詞,一般,*,*,*,*,ふにょふにょ,フニョフニョ,フニョフニョ
だあら,1657,1657,4569,接続詞,*,*,*,*,*,だあら,ダアラ,ダアラ
オッケー,1656,1656,3177,感動詞,*,*,*,*,*,オッケー,オッケー,オッケー
オッケ,1656,1656,3177,感動詞,*,*,*,*,*,オッケ,オッケ,オッケ
激,1660,1660,7108,接頭詞,名詞接続,*,*,*,*,激,ゲキ,ゲキ
たれ,1486,1486,7308,名詞,接尾,人名,*,*,*,たれ,タレ,タレ
オシャンティー,1482,1482,3731,名詞,形容動詞語幹,*,*,*,*,オシャンティー,オシャンティー,オシャンティー
おっしゃ,1656,1656,5955,感動詞,*,*,*,*,*,おっしゃ,オッシャ,オッシャ
むり,1656,1656,5753,感動詞,*,*,*,*,*,むり,ムリ,ムリ
へにょへにょ,3,3,6420,副詞,一般,*,*,*,*,へにょへにょ,ヘニョヘニョ,ヘニョヘニョ
オケー,1656,1656,3177,感動詞,*,*,*,*,*,オケー,オケー,オケー
オッケー,1656,1656,3177,感動詞,*,*,*,*,*,オッケー,オッケー,オッケー
ＯＫ,1656,1656,1788,感動詞,*,*,*,*,*,ＯＫ,ＯＫ,ＯＫ
OK,1656,1656,1788,感動詞,*,*,*,*,*,OK,OK,OK
むず,1656,1656,5955,感動詞,*,*,*,*,*,むず,むず,むず
くだくだ,5,5,3440,副詞,助詞類接続,*,*,*,*,くだくだ,クダクダ,クダクダ
クダクダ,5,5,1838,副詞,助詞類接続,*,*,*,*,クダクダ,クダクダ,クダクダ
ぼこぼこ,5,5,3439,副詞,助詞類接続,*,*,*,*,ぼこぼこ,ボコボコ,ボコボコ
ボコボコ,5,5,1833,副詞,助詞類接続,*,*,*,*,ボコボコ,ボコボコ,ボコボコ
しな,1485,1485,8011,名詞,接尾,一般,*,*,*,しな,シナ,シナ
あんまし,5,5,5157,副詞,助詞類接続,*,*,*,*,あんまし,アンマシ,アンマシ
うっとこ,1462,1462,6381,名詞,一般・縮約形,*,*,*,*,うちのところ,ウットコ,ウトッコ
願わくば,3,3,3530,副詞,一般,*,*,*,*,願わくば,ネガワクバ,ネガワクバ
長,1485,1485,9643,名詞,接尾,一般,*,*,*,ちょう,チョウ,チョｰ
わりかし,3,3,6420,副詞,一般,*,*,*,*,わりかし,ワリカシ,ワリカシ
割りかし,3,3,3530,副詞,一般,*,*,*,*,割りかし,ワリカシ,ワリカシ
割かし,3,3,3530,副詞,一般,*,*,*,*,割かし,ワリカシ,ワリカシ
ツンデレ,1482,1482,3731,名詞,形容動詞語幹,*,*,*,*,ツンデレ,ツンデレ,ツンデレ
大き,1482,1482,4831,名詞,形容動詞語幹,*,*,*,*,大き,オオキ,オーキ
おおき,1482,1482,6898,名詞,形容動詞語幹,*,*,*,*,おおき,オオキ,オーキ
ちちゃ,1482,1482,6925,名詞,形容動詞語幹,*,*,*,*,ちちゃ,チチャ,チチャ
ちいちゃ,1482,1482,6925,名詞,形容動詞語幹,*,*,*,*,ちいちゃ,チイチャ,チイチャ
ちっちゃ,1482,1482,6931,名詞,形容動詞語幹,*,*,*,*,ちっちゃ,チッチャ,チッチャ
チチャ,1482,1482,3731,名詞,形容動詞語幹,*,*,*,*,チチャ,チチャ,チチャ
チイチャ,1482,1482,3731,名詞,形容動詞語幹,*,*,*,*,チイチャ,チイチャ,チーチャ
チッチャ,1482,1482,3736,名詞,形容動詞語幹,*,*,*,*,チッチャ,チッチャ,チッチャ
ありきたり,1482,1482,6925,名詞,形容動詞語幹,*,*,*,*,ありきたり,アリキタリ,アリキタリ
在り来たり,1482,1482,4855,名詞,形容動詞語幹,*,*,*,*,在り来たり,アリキタリ,アリキタリ
やって,1657,1657,5600,接続詞,*,*,*,*,*,やって,ヤッテ,ヤッテ
着氷,1457,1457,5924,名詞,サ変接続,*,*,*,*,着氷,チャクヒョウ,チャクヒョー
バチ切れ,1457,1457,4769,名詞,サ変接続,*,*,*,*,バチ切れ,バチギレ,バチギレ
プッチーン,3,3,3981,副詞,一般,*,*,*,*,プッチーン,プッチーン,プッチーン
バァーン,3,3,3981,副詞,一般,*,*,*,*,バァーン,バァーン,バァーン
パッチーン,3,3,3981,副詞,一般,*,*,*,*,パッチーン,パッチーン,パッチーン
パンパーン,3,3,3981,副詞,一般,*,*,*,*,パンパーン,パンパーン,パンパーン
ブワーブワー,1656,1656,3177,感動詞,*,*,*,*,*,ブワーブワー,ブワーブワー,ブワーブワー
ボロッボロ,3,3,3981,副詞,一般,*,*,*,*,ボロッボロ,ボロッボロ,ボロッボロ
バンッバン,3,3,3981,副詞,一般,*,*,*,*,バンッバン,バンッバン,バンッバン
せいぜい,3,3,6420,副詞,一般,*,*,*,*,せいぜい,セイゼイ,セイゼイ
プッツーン,3,3,3981,副詞,一般,*,*,*,*,プッツーン,プッツーン,プッツーン
ガッチーン,3,3,3981,副詞,一般,*,*,*,*,ガッチーン,ガッチーン,ガッチーン
コケコッコー,1656,1656,3177,感動詞,*,*,*,*,*,コケコッコー,コケコッコー,コケコッコー
ん,1656,1656,5507,感動詞,*,*,*,*,*,ん,ン,ン
ん,2,2,6825,フィラー,*,*,*,*,*,ん,ン,ン
ネットサーフィン,1457,1457,4769,名詞,サ変接続,*,*,*,*,ネットサーフィン,ネットサーフィン,ネットサーフィン
ばっかり,239,239,5654,助詞,副助詞,*,*,*,*,ばっかり,バッカリ,バッカリ
ばっかし,238,238,5668,助詞,副助詞,*,*,*,*,ばっかし,バッカシ,バッカシ
ピッカピッカ,3,3,3981,副詞,一般,*,*,*,*,ピッカピッカ,ピッカピッカ,ピッカピッカ
いける,1656,1656,6436,感動詞,*,*,*,*,*,いける,イケル,イケル
ウエウエ,1656,1656,3177,感動詞,*,*,*,*,*,ウエウエ,ウエウエ,ウエウエ
アウトゴーイング,1482,1482,3731,名詞,形容動詞語幹,*,*,*,*,アウトゴーイング,アウトゴーイング,アウトゴーイング
ピーピー,1656,1656,3177,感動詞,*,*,*,*,*,ピーピー,ピーピー,ピーピー
ポンポンポン,1656,1656,3177,感動詞,*,*,*,*,*,ポンポンポン,ポンポンポン,ポンポンポン
ミシミシ,3,3,3981,副詞,一般,*,*,*,*,ミシミシ,ミシミシ,ミシミシ
ジューシー,1482,1482,3731,名詞,形容動詞語幹,*,*,*,*,ジューシー,ジューシー,ジューシー
クリーミー,1482,1482,3731,名詞,形容動詞語幹,*,*,*,*,クリーミー,クリーミー,クリーミー
ゼーゼー,3,3,3981,副詞,一般,*,*,*,*,ゼーゼー,ゼーゼー,ゼーゼー
ハグ,1457,1457,4769,名詞,サ変接続,*,*,*,*,ハグ,ハグ,ハグ
テクテクテクテク,3,3,3981,副詞,一般,*,*,*,*,テクテクテクテク,テクテクテクテク,テクテクテクテク
カシッカシ,3,3,3981,副詞,一般,*,*,*,*,カシッカシ,カシッカシ,カシッカシ
オイリー,1482,1482,3731,名詞,形容動詞語幹,*,*,*,*,オイリー,オイリー,オイリー
お見合い,1457,1457,7662,名詞,サ変接続,*,*,*,*,お見合い,オミアイ,オミアイ
おん,1656,1656,6404,感動詞,*,*,*,*,*,おん,オン,オン
ほお,1656,1656,5955,感動詞,*,*,*,*,*,ほお,ホオ,ホオ
ムッツリ,1482,1482,3731,名詞,形容動詞語幹,*,*,*,*,ムッツリ,ムッツリ,ムッツリ
ギューギュー,3,3,3981,副詞,一般,*,*,*,*,ギューギュー,ギューギュー,ギューギュー
わー,1656,1656,6439,感動詞,*,*,*,*,*,わー,ワー,ワー
専願,1457,1457,5924,名詞,サ変接続,*,*,*,*,専願,専願,専願
グッサグッサ,3,3,3981,副詞,一般,*,*,*,*,グッサグッサ,グッサグッサ,グッサグッサ
グサグサ,3,3,3981,副詞,一般,*,*,*,*,グサグサ,グサグサ,グサグサ
ヘーイ,1656,1656,3177,感動詞,*,*,*,*,*,ヘーイ,ヘーイ,ヘーイ
ネイキッド,1482,1482,3712,名詞,形容動詞語幹,*,*,*,*,ネイキッド,ネイキッド,ネイキッド
KY,1457,1457,3376,名詞,サ変接続,*,*,*,*,KY,KY,KY
メンソーレ,1656,1656,3177,感動詞,*,*,*,*,*,メンソーレ,メンソーレ,メンソーレ
アゲポヨ,1656,1656,3177,感動詞,*,*,*,*,*,アゲポヨ,アゲポヨ,アゲポヨ
ゼンアク,1656,1656,3177,感動詞,*,*,*,*,*,ゼンアク,ゼンアク,ゼンアク
ガチャン,1656,1656,3177,感動詞,*,*,*,*,*,ガチャン,ガチャン,ガチャン
ハゲド,1656,1656,3177,感動詞,*,*,*,*,*,ハゲド,ハゲド,ハゲド
ふぅん,1656,1656,5955,感動詞,*,*,*,*,*,ふぅん,フゥン,フゥン
トントントントン,1656,1656,3177,感動詞,*,*,*,*,*,トントントントン,トントントントン,トントントントン
NG,1656,1656,1788,感動詞,*,*,*,*,*,NG,NG,NG
ストンプ,1457,1457,4769,名詞,サ変接続,*,*,*,*,ストンプ,ストンプ,ストンプ
ジュニア,1482,1482,3731,名詞,形容動詞語幹,*,*,*,*,ジュニア,ジュニア,ジュニア
出待ち,1457,1457,5924,名詞,サ変接続,*,*,*,*,出待ち,出待チ,出待チ
ツン,3,3,4649,副詞,一般,*,*,*,*,ツン,ツン,ツン
MC,1457,1457,3376,名詞,サ変接続,*,*,*,*,MC,MC,MC
ああ,2,2,5720,フィラー,*,*,*,*,*,ああ,アア,アア
とろーり,3,3,6420,副詞,一般,*,*,*,*,とろーり,トローリ,トローリ
ぽちゃっと,3,3,6420,副詞,一般,*,*,*,*,ぽちゃっと,ポチャット,ポチャット
ギャーギャーウアー,1656,1656,3175,感動詞,*,*,*,*,*,ギャーギャーウアー,ギャーギャーウアー,ギャーギャーウアー
ワーワー,3,3,3954,副詞,一般,*,*,*,*,ワーワー,ワーワー,ワーワー
ギャーギャー,1656,1656,3164,感動詞,*,*,*,*,*,ギャーギャー,ギャーギャー,ギャーギャー
ゴンゴンゴンゴン,1656,1656,3176,感動詞,*,*,*,*,*,ゴンゴンゴンゴン,ゴンゴンゴンゴン,ゴンゴンゴンゴン
センターわけ,1457,1457,4769,名詞,サ変接続,*,*,*,*,センターわけ,センターワケ,センターワケ
ナイズ,1457,1457,4769,名詞,サ変接続,*,*,*,*,ナイズ,ナイズ,ナイズ
ダメー,1656,1656,3177,感動詞,*,*,*,*,*,ダメー,ダメー,ダメー
くるんくるん,3,3,6420,副詞,一般,*,*,*,*,くるんくるん,クルンクルン,クルンクルン
ゲホゲホ,3,3,3981,副詞,一般,*,*,*,*,ゲホゲホ,ゲホゲホ,ゲホゲホ
どっきり,1457,1457,7662,名詞,サ変接続,*,*,*,*,どっきり,ドッキリ,ドッキリ
ぜえ,3,3,6420,副詞,一般,*,*,*,*,ぜえ,ゼエ,ゼー
ずらっ,3,3,6420,副詞,一般,*,*,*,*,ずらっ,ズラッ,ズラッ
つらっ,1656,1656,5968,感動詞,*,*,*,*,*,つらっ,ツラッ,ツラッ
つら,1656,1656,6399,感動詞,*,*,*,*,*,つら,ツラ,ツラ
やから,1657,1657,5019,接続詞,*,*,*,*,*,やから,ヤカラ,ヤカラ
オラオラ,1656,1656,3177,感動詞,*,*,*,*,*,オラオラ,オラオラ,オラオラ
オラ,1656,1656,3165,感動詞,*,*,*,*,*,オラ,オラ,オラ
カックン,3,3,3981,副詞,一般,*,*,*,*,カックン,カックン,カックン
ほれ,1656,1656,5955,感動詞,*,*,*,*,*,ほれ,ホレ,ホレ
つ,1489,1489,9450,名詞,接尾,助数詞,*,*,*,つ,ツ,ツ
人,1485,1485,10327,名詞,接尾,一般,*,*,*,人,ジン,ジン
ふんなら,1657,1657,4567,接続詞,*,*,*,*,*,ふんなら,フンナラ,フンナラ
っこ,1485,1485,7859,名詞,接尾,一般,*,*,*,っこ,ッコ,ッコ
ち,1485,1485,8081,名詞,接尾,一般,*,*,*,ち,チ,チ
でー,421,421,4416,助詞,終助詞,*,*,*,*,で,デー,デー
そういえば,1657,1657,4569,接続詞,*,*,*,*,*,そういえば,ソウイエバ,ソウイエバ
んなら,1657,1657,4646,接続詞,*,*,*,*,*,んなら,ンナラ,ンナラ
っきれ,1485,1485,7851,名詞,接尾,一般,*,*,*,っきれ,ッキレ,ッキレ
ピー,1656,1656,3294,感動詞,*,*,*,*,*,ピー,ピー,ピー
パシリ,3,3,3981,副詞,一般,*,*,*,*,パシリ,パシリ,パシリ
ハチャメチャ,1482,1482,3731,名詞,形容動詞語幹,*,*,*,*,ハチャメチャ,ハチャメチャ,ハチャメチャ
ぼっち,1482,1482,6925,名詞,形容動詞語幹,*,*,*,*,ぼっち,ボッチ,ボッチ
サッサ,3,3,3981,副詞,一般,*,*,*,*,サッサ,サッサ,サッサ
キャッキャッ,3,3,3981,副詞,一般,*,*,*,*,キャッキャッ,キャッキャッ,キャッキャッ
サプライズ,1457,1457,4767,名詞,サ変接続,*,*,*,*,サプライズ,サプライズ,サプライズ
ボーボー,3,3,3891,副詞,一般,*,*,*,*,ボーボー,ボーボー,ボーボー
ヤバイ,1656,1656,3168,感動詞,*,*,*,*,*,ヤバイ,ヤバイ,ヤバイ
ムキムキ,3,3,3981,副詞,一般,*,*,*,*,ムキムキ,ムキムキ,ムキムキ
ピゥー,3,3,3981,副詞,一般,*,*,*,*,ピゥー,ピゥー,ピゥー
チッ,1656,1656,3179,感動詞,*,*,*,*,*,チッ,チッ,チッ
ラフティング,1457,1457,4768,名詞,サ変接続,*,*,*,*,ラフティング,ラフティング,ラフティング
ジャーッと,3,3,3981,副詞,一般,*,*,*,*,ジャーッと,ジャーット,ジャーット
パーッパーッと,3,3,3981,副詞,一般,*,*,*,*,パーッパーッと,パーッパーット,パーッパーット
ゴーリゴーリゴーリと,3,3,3981,副詞,一般,*,*,*,*,ゴーリゴーリゴーリと,ゴーリゴーリゴーリト,ゴーリゴーリゴーリト
ゴーリゴーリ,3,3,3981,副詞,一般,*,*,*,*,ゴーリゴーリ,ゴーリゴーリ,ゴーリゴーリ
ひぇ,1656,1656,5955,感動詞,*,*,*,*,*,ひぇ,ヒェ,ヒェ
いやいや,1656,1656,6636,感動詞,*,*,*,*,*,いやいや,イヤイヤ,イヤイヤ
スピードラーニング,1457,1457,4769,名詞,サ変接続,*,*,*,*,スピードラーニング,スピードラーニング,スピードラーニング
シュコシュコ,3,3,3981,副詞,一般,*,*,*,*,シュコシュコ,シュコシュコ,シュコシュコ
シュコーシュコー,3,3,3981,副詞,一般,*,*,*,*,シュコーシュコー,シュコーシュコー,シュコーシュコー
やー,1656,1656,5955,感動詞,*,*,*,*,*,やー,ヤー,ヤー
ピュ,3,3,3981,副詞,一般,*,*,*,*,ピュ,ピュ,ピュ
モワーン,1656,1656,3177,感動詞,*,*,*,*,*,モワーン,モワーン,モワーン
パコ,1656,1656,3177,感動詞,*,*,*,*,*,パコ,パコ,パコ
ジャー,1656,1656,3177,感動詞,*,*,*,*,*,ジャー,ジャー,ジャー
ピュッピュッ,1656,1656,3177,感動詞,*,*,*,*,*,ピュッピュッ,ピュッピュッ,ピュッピュッ
バンザーイ,1656,1656,3177,感動詞,*,*,*,*,*,バンザーイ,バンザーイ,バンザーイ
クレイジー,1482,1482,3731,名詞,形容動詞語幹,*,*,*,*,クレイジー,クレイジー,クレイジー
ソーリャー,1656,1656,3177,感動詞,*,*,*,*,*,ソーリャー,ソーリャー,ソーリャー
びーっ,3,3,6420,副詞,一般,*,*,*,*,びーっ,ビーッ,ビーッ
センキュー,1656,1656,3177,感動詞,*,*,*,*,*,センキュー,センキュー,センキュー
ヘロヘロ,3,3,3981,副詞,一般,*,*,*,*,ヘロヘロ,ヘロヘロ,ヘロヘロ
どってーん,1656,1656,5955,感動詞,*,*,*,*,*,どってーん,ドッテーン,ドッテーン
ホーリー,1482,1482,3731,名詞,形容動詞語幹,*,*,*,*,ホーリー,ホーリー,ホーリー
フェードアウト,1457,1457,4769,名詞,サ変接続,*,*,*,*,フェードアウト,フェードアウト,フェードアウト
スースースースー,1656,1656,3177,感動詞,*,*,*,*,*,スースースースー,スースースースー,スースースースー
ギュイーン,1656,1656,3177,感動詞,*,*,*,*,*,ギュイーン,ギュイーン,ギュイーン
ぶぅんって,3,3,6420,副詞,一般,*,*,*,*,ぶぅんって,ブゥンッテ,ブゥンッテ
ウイー,1656,1656,3177,感動詞,*,*,*,*,*,ウイー,ウイー,ウイー
ぶおおん,1656,1656,5955,感動詞,*,*,*,*,*,ぶおおん,ブオオン,ブオオン
ゴオー,1656,1656,3177,感動詞,*,*,*,*,*,ゴオー,ゴオー,ゴオー
ウーーン,1656,1656,3177,感動詞,*,*,*,*,*,ウーーン,ウーーン,ウーーン
ポカーン,1656,1656,3177,感動詞,*,*,*,*,*,ポカーン,ポカーン,ポカーン
ハ,1656,1656,3024,感動詞,*,*,*,*,*,ハ,ハ,ハ
マジ,3,3,4059,副詞,一般,*,*,*,*,マジ,マジ,マジ
へへ,1656,1656,5955,感動詞,*,*,*,*,*,へへ,ヘヘ,ヘヘ
ばいばい,1656,1656,5955,感動詞,*,*,*,*,*,ばいばい,バイバイ,バイバイ
えぇ,1656,1656,5955,感動詞,*,*,*,*,*,えぇ,エェ,エェ
びびびび,1656,1656,5955,感動詞,*,*,*,*,*,びびびび,ビビビビ,ビビビビ
さんこ,1457,1457,7662,名詞,サ変接続,*,*,*,*,さんこ,サンコ,サンコ
ゲンカ,1457,1457,4770,名詞,サ変接続,*,*,*,*,ゲンカ,ゲンカ,ゲンカ
ちんたら,1457,1457,7113,名詞,サ変接続,*,*,*,*,ちんたら,チンタラ,チンタラ
ガンコ,1482,1482,3731,名詞,形容動詞語幹,*,*,*,*,ガンコ,ガンコ,ガンコ
まあまあ,1656,1656,7750,感動詞,*,*,*,*,*,まあまあ,マアマア,マアマア
パッタリ,3,3,3981,副詞,一般,*,*,*,*,パッタリ,パッタリ,パッタリ
カチャカチャ,3,3,3981,副詞,一般,*,*,*,*,カチャカチャ,カチャカチャ,カチャカチャ
プレイ,1457,1457,4768,名詞,サ変接続,*,*,*,*,プレイ,プレイ,プレイ
ちょべりば,1656,1656,5955,感動詞,*,*,*,*,*,ちょべりば,チョベリバ,チョベリバ
スノボ,1457,1457,4769,名詞,サ変接続,*,*,*,*,スノボ,スノボ,スノボ
ピュッピュッピュッ,1656,1656,3177,感動詞,*,*,*,*,*,ピュッピュッピュッ,ピュッピュッピュッ,ピュッピュッピュッ
ビービービー,1656,1656,3177,感動詞,*,*,*,*,*,ビービービー,ビービービー,ビービービー
アイムソーリー,1656,1656,3177,感動詞,*,*,*,*,*,アイムソーリー,アイムソーリー,アイムソーリー
わっざわざ副詞,3,3,6420,副詞,一般,*,*,*,*,わっざわざ副詞,ワッザワザ副詞,ワッザワザ副詞
エンプティ,1482,1482,3731,名詞,形容動詞語幹,*,*,*,*,エンプティ,エンプティ,エンプティ
スウィート,1482,1482,3731,名詞,形容動詞語幹,*,*,*,*,スウィート,スウィート,スウィート
ちょーっと,3,3,6420,副詞,一般,*,*,*,*,ちょーっと,チョーット,チョーット
ハアハア,1656,1656,3177,感動詞,*,*,*,*,*,ハアハア,ハアハア,ハアハア
PR,1457,1457,3376,名詞,サ変接続,*,*,*,*,PR,PR,PR
ファームステイ,1457,1457,4769,名詞,サ変接続,*,*,*,*,ファームステイ,ファームステイ,ファームステイ
ステイ,1457,1457,4769,名詞,サ変接続,*,*,*,*,ステイ,ステイ,ステイ
ヒョコヒョコ,3,3,3981,副詞,一般,*,*,*,*,ヒョコヒョコ,ヒョコヒョコ,ヒョコヒョコ
ルミナリエ,1457,1457,4769,名詞,サ変接続,*,*,*,*,ルミナリエ,ルミナリエ,ルミナリエ
ダダダ,1656,1656,3177,感動詞,*,*,*,*,*,ダダダ,ダダダ,ダダダ
ジワジワジワ,1656,1656,3177,感動詞,*,*,*,*,*,ジワジワジワ,ジワジワジワ,ジワジワジワ
コラーコラー,1656,1656,3177,感動詞,*,*,*,*,*,コラーコラー,コラーコラー,コラーコラー
ボクササイズ,1457,1457,4769,名詞,サ変接続,*,*,*,*,ボクササイズ,ボクササイズ,ボクササイズ
コーディネイト,1457,1457,4769,名詞,サ変接続,*,*,*,*,コーディネイト,コーディネイト,コーディネイト
ブサイク,1482,1482,3731,名詞,形容動詞語幹,*,*,*,*,ブサイク,ブサイク,ブサイク
わぁわぁわぁ,1656,1656,5955,感動詞,*,*,*,*,*,わぁわぁわぁ,ワァワァワァ,ワァワァワァ
フィシング,1457,1457,4769,名詞,サ変接続,*,*,*,*,フィシング,フィシング,フィシング
ピッチィング,1457,1457,4769,名詞,サ変接続,*,*,*,*,ピッチィング,ピッチィング,ピッチィング
バチ,3,3,4054,副詞,一般,*,*,*,*,バチ,バチ,バチ
ビックフィッシング,1457,1457,4769,名詞,サ変接続,*,*,*,*,ビックフィッシング,ビックフィッシング,ビックフィッシング
ぺろっぺろ,3,3,6420,副詞,一般,*,*,*,*,ぺろっぺろ,ペロッペロ,ペロッペロ
オハヨウ,1656,1656,3169,感動詞,*,*,*,*,*,オハヨウ,オハヨウ,オハヨウ
アハハハ,1656,1656,3177,感動詞,*,*,*,*,*,アハハハ,アハハハ,アハハハ
ホホホホホ,1656,1656,3177,感動詞,*,*,*,*,*,ホホホホホ,ホホホホホ,ホホホホホ
ウーー,1656,1656,3177,感動詞,*,*,*,*,*,ウーー,ウーー,ウーー
ギュギュギュギュッ,1656,1656,3177,感動詞,*,*,*,*,*,ギュギュギュギュッ,ギュギュギュギュッ,ギュギュギュギュッ
ピピピピッ,1656,1656,3177,感動詞,*,*,*,*,*,ピピピピッ,ピピピピッ,ピピピピッ
チンチン,3,3,3981,副詞,一般,*,*,*,*,チンチン,チンチン,チンチン
VIP,1482,1482,2724,名詞,形容動詞語幹,*,*,*,*,VIP,VIP,VIP
ヘアーアレンジ,1457,1457,4769,名詞,サ変接続,*,*,*,*,ヘアーアレンジ,ヘアーアレンジ,ヘアーアレンジ
ヘアアレンジ,1457,1457,4769,名詞,サ変接続,*,*,*,*,ヘアアレンジ,ヘアアレンジ,ヘアアレンジ
べっしゃん,3,3,6420,副詞,一般,*,*,*,*,べっしゃん,ベッシャン,ベッシャン
スパイシー,1482,1482,3731,名詞,形容動詞語幹,*,*,*,*,スパイシー,スパイシー,スパイシー
グダグダグダグダ,1656,1656,3177,感動詞,*,*,*,*,*,グダグダグダグダ,グダグダグダグダ,グダグダグダグダ
ギヤー,1656,1656,3177,感動詞,*,*,*,*,*,ギヤー,ギヤー,ギヤー
リベンジ,1457,1457,4769,名詞,サ変接続,*,*,*,*,リベンジ,リベンジ,リベンジ
ダイビングキャッチ,1457,1457,4769,名詞,サ変接続,*,*,*,*,ダイビングキャッチ,ダイビングキャッチ,ダイビングキャッチ
キャッチング,1457,1457,4769,名詞,サ変接続,*,*,*,*,キャッチング,キャッチング,キャッチング
ワレ,1464,1464,2375,名詞,代名詞,一般,*,*,*,我,ワレ,ワレ
Uターン,1457,1457,3376,名詞,サ変接続,*,*,*,*,Uターン,Uターン,Uターン
Ｕターン,1457,1457,3376,名詞,サ変接続,*,*,*,*,Ｕターン,Ｕターン,Ｕターン
うせ,1656,1656,5955,感動詞,*,*,*,*,*,うせ,ウセ,ウセ
ペーペー,3,3,3981,副詞,一般,*,*,*,*,ペーペー,ペーペー,ペーペー
ビンタ,1457,1457,4769,名詞,サ変接続,*,*,*,*,ビンタ,ビンタ,ビンタ
ジャイアントスイング,1457,1457,4769,名詞,サ変接続,*,*,*,*,ジャイアントスイング,ジャイアントスイング,ジャイアントスイング
イケ,1482,1482,3930,名詞,形容動詞語幹,*,*,*,*,イケ,イケ,イケ
デブデブ,1656,1656,3177,感動詞,*,*,*,*,*,デブデブ,デブデブ,デブデブ
ぱぱぱ,1656,1656,5955,感動詞,*,*,*,*,*,ぱぱぱ,パパパ,パパパ
デレデレ,3,3,3981,副詞,一般,*,*,*,*,デレデレ,デレデレ,デレデレ
DJ,1457,1457,3376,名詞,サ変接続,*,*,*,*,DJ,DJ,DJ
ボッコンボッコン,3,3,3981,副詞,一般,*,*,*,*,ボッコンボッコン,ボッコンボッコン,ボッコンボッコン
激ウマ,1656,1656,4330,感動詞,*,*,*,*,*,激ウマ,激ウマ,激ウマ
タンタンタンタン,1656,1656,3177,感動詞,*,*,*,*,*,タンタンタンタン,タンタンタンタン,タンタンタンタン
テッテケテッテケ,3,3,3981,副詞,一般,*,*,*,*,テッテケテッテケ,テッテケテッテケ,テッテケテッテケ
キャッキャ,3,3,3981,副詞,一般,*,*,*,*,キャッキャ,キャッキャ,キャッキャ
おう,1656,1656,6149,感動詞,*,*,*,*,*,おう,オウ,オー
ほん,1656,1656,6265,感動詞,*,*,*,*,*,ほん,ホン,ホン
パシャパシャ,1656,1656,3177,感動詞,*,*,*,*,*,パシャパシャ,パシャパシャ,パシャパシャ
ザンッ,1656,1656,3177,感動詞,*,*,*,*,*,ザンッ,ザンッ,ザンッ
ぐい,1656,1656,6090,感動詞,*,*,*,*,*,ぐい,グイ,グイ
わしゃわしゃ,1656,1656,5955,感動詞,*,*,*,*,*,わしゃわしゃ,ワシャワシャ,ワシャワシャ
ヤッタ,1656,1656,3187,感動詞,*,*,*,*,*,ヤッタ,ヤッタ,ヤッタ
ジャケェ,1656,1656,3177,感動詞,*,*,*,*,*,ジャケェ,ジャケェ,ジャケェ
ばあ,1656,1656,5961,感動詞,*,*,*,*,*,ばあ,バア,バア
クックックッ,1656,1656,3177,感動詞,*,*,*,*,*,クックックッ,クックックッ,クックックッ
フェチ,1482,1482,3731,名詞,形容動詞語幹,*,*,*,*,フェチ,フェチ,フェチ
おいしょ,1656,1656,5955,感動詞,*,*,*,*,*,おいしょ,オイショ,オイショ
ギャーギャーギャーギャー,1656,1656,3177,感動詞,*,*,*,*,*,ギャーギャーギャーギャー,ギャーギャーギャーギャー,ギャーギャーギャーギャー
ウンウンウンウン,1656,1656,3177,感動詞,*,*,*,*,*,ウンウンウンウン,ウンウンウンウン,ウンウンウンウン
フリフリ,3,3,3981,副詞,一般,*,*,*,*,フリフリ,フリフリ,フリフリ
ええっと,2,2,5310,フィラー,*,*,*,*,*,ええっと,エエット,エエット
ひょこんと,3,3,6420,副詞,一般,*,*,*,*,ひょこんと,ヒョコント,ヒョコント
たったった,1656,1656,5955,感動詞,*,*,*,*,*,たったった,タッタッタ,タッタッタ
ほーん,1656,1656,5955,感動詞,*,*,*,*,*,ほーん,ホーン,ホーン
へら,1482,1482,6925,名詞,形容動詞語幹,*,*,*,*,へら,ヘラ,ヘラ
ぐっぐ,3,3,6420,副詞,一般,*,*,*,*,ぐっぐ,グッグ,グッグ
牛飼い,1457,1457,5924,名詞,サ変接続,*,*,*,*,牛飼い,牛飼イ,牛飼イ
つわ,1656,1656,5955,感動詞,*,*,*,*,*,つわ,ツワ,ツワ
クルージング,1457,1457,4769,名詞,サ変接続,*,*,*,*,クルージング,クルージング,クルージング
グネグネ,3,3,3981,副詞,一般,*,*,*,*,グネグネ,グネグネ,グネグネ
オホホホホー,1656,1656,3177,感動詞,*,*,*,*,*,オホホホホー,オホホホホー,オホホホホー
パンダコパンダ,1656,1656,3177,感動詞,*,*,*,*,*,パンダコパンダ,パンダコパンダ,パンダコパンダ
換毛,1457,1457,5924,名詞,サ変接続,*,*,*,*,換毛,換毛,換毛
ブラッ,3,3,3982,副詞,一般,*,*,*,*,ブラッ,ブラッ,ブラッ
キャッキャキャッキャ,1656,1656,3177,感動詞,*,*,*,*,*,キャッキャキャッキャ,キャッキャキャッキャ,キャッキャキャッキャ
ぐっちゃぐちゃ,3,3,6420,副詞,一般,*,*,*,*,ぐっちゃぐちゃ,グッチャグチャ,グッチャグチャ
チューチュー,3,3,3981,副詞,一般,*,*,*,*,チューチュー,チューチュー,チューチュー
むりむり,1656,1656,5955,感動詞,*,*,*,*,*,むりむり,ムリムリ,ムリムリ
フブ,1656,1656,3177,感動詞,*,*,*,*,*,フブ,フブ,フブ
フブフブフブ,1656,1656,3177,感動詞,*,*,*,*,*,フブフブフブ,フブフブフブ,フブフブフブ
ふふ,1656,1656,5955,感動詞,*,*,*,*,*,ふふ,フフ,フフ
チナガケッチ,1656,1656,3177,感動詞,*,*,*,*,*,チナガケッチ,チナガケッチ,チナガケッチ
チナガケッチー,1656,1656,3177,感動詞,*,*,*,*,*,チナガケッチー,チナガケッチー,チナガケッチー
ススルヘッソ,1656,1656,3177,感動詞,*,*,*,*,*,ススルヘッソ,ススルヘッソ,ススルヘッソ
ポヨジュッケ,1656,1656,3177,感動詞,*,*,*,*,*,ポヨジュッケ,ポヨジュッケ,ポヨジュッケ
シンチャドン,1656,1656,3177,感動詞,*,*,*,*,*,シンチャドン,シンチャドン,シンチャドン
シンチャンドン,1656,1656,3177,感動詞,*,*,*,*,*,シンチャンドン,シンチャンドン,シンチャンドン
チョンナ,1656,1656,3177,感動詞,*,*,*,*,*,チョンナ,チョンナ,チョンナ
チョック,1656,1656,3177,感動詞,*,*,*,*,*,チョック,チョック,チョック
チョックナ,1656,1656,3177,感動詞,*,*,*,*,*,チョックナ,チョックナ,チョックナ
ハル,1656,1656,3169,感動詞,*,*,*,*,*,ハル,ハル,ハル
ハルヒ,1656,1656,3177,感動詞,*,*,*,*,*,ハルヒ,ハルヒ,ハルヒ
アヒューム,1656,1656,3177,感動詞,*,*,*,*,*,アヒューム,アヒューム,アヒューム
オヒューム,1656,1656,3177,感動詞,*,*,*,*,*,オヒューム,オヒューム,オヒューム
ヒュー,1656,1656,3177,感動詞,*,*,*,*,*,ヒュー,ヒュー,ヒュー
オア,1656,1656,3177,感動詞,*,*,*,*,*,オア,オア,オア
オーヒューム,1656,1656,3177,感動詞,*,*,*,*,*,オーヒューム,オーヒューム,オーヒューム
クククク,1656,1656,3177,感動詞,*,*,*,*,*,クククク,クククク,クククク
ククククー,1656,1656,3177,感動詞,*,*,*,*,*,ククククー,ククククー,ククククー
クククー,1656,1656,3177,感動詞,*,*,*,*,*,クククー,クククー,クククー
チュグルヤ,1656,1656,3177,感動詞,*,*,*,*,*,チュグルヤ,チュグルヤ,チュグルヤ
ケッセキオ,1656,1656,3177,感動詞,*,*,*,*,*,ケッセキオ,ケッセキオ,ケッセキオ
ちぇ,1656,1656,5955,感動詞,*,*,*,*,*,ちぇ,チェ,チェ
ホェイ,1656,1656,3177,感動詞,*,*,*,*,*,ホェイ,ホェイ,ホェイ
アンニョンハセヨー,1656,1656,3177,感動詞,*,*,*,*,*,アンニョンハセヨー,アンニョンハセヨー,アンニョンハセヨー
アハンナリチョワヘィヨー,1656,1656,3177,感動詞,*,*,*,*,*,アハンナリチョワヘィヨー,アハンナリチョワヘィヨー,アハンナリチョワヘィヨー
タイチネチョットーヨー,1656,1656,3177,感動詞,*,*,*,*,*,タイチネチョットーヨー,タイチネチョットーヨー,タイチネチョットーヨー
チャカンナリ,1656,1656,3177,感動詞,*,*,*,*,*,チャカンナリ,チャカンナリ,チャカンナリ
チャカンナリィ,1656,1656,3177,感動詞,*,*,*,*,*,チャカンナリィ,チャカンナリィ,チャカンナリィ
タッカーマリー,1656,1656,3177,感動詞,*,*,*,*,*,タッカーマリー,タッカーマリー,タッカーマリー
イエーイエーイエー,1656,1656,3177,感動詞,*,*,*,*,*,イエーイエーイエー,イエーイエーイエー,イエーイエーイエー
ガッチガチ,1656,1656,3177,感動詞,*,*,*,*,*,ガッチガチ,ガッチガチ,ガッチガチ
オエー,1656,1656,3177,感動詞,*,*,*,*,*,オエー,オエー,オエー
オエエ,1656,1656,3177,感動詞,*,*,*,*,*,オエエ,オエエ,オエエ
ええ,2,2,5826,フィラー,*,*,*,*,*,ええ,エエ,エエ
ごらあ,1656,1656,5955,感動詞,*,*,*,*,*,ごらあ,ゴラア,ゴラア
こらあ,1656,1656,5955,感動詞,*,*,*,*,*,こらあ,コラア,コラア
おらあ,1656,1656,5955,感動詞,*,*,*,*,*,おらあ,オラア,オラア
うらー,1656,1656,5955,感動詞,*,*,*,*,*,うらー,ウラー,ウラー
なっつん,3,3,6420,副詞,一般,*,*,*,*,なっつん,ナッツン,ナッツン
ゴオオオオ,1656,1656,3177,感動詞,*,*,*,*,*,ゴオオオオ,ゴオオオオ,ゴオオオオ
ホイ,1656,1656,3177,感動詞,*,*,*,*,*,ホイ,ホイ,ホイ
キエー,1656,1656,3177,感動詞,*,*,*,*,*,キエー,キエー,キエー
オケーイ,1656,1656,3177,感動詞,*,*,*,*,*,オケーイ,オケーイ,オケーイ
曳行,1457,1457,5924,名詞,サ変接続,*,*,*,*,曳行,曳行,曳行
ふ,1656,1656,6447,感動詞,*,*,*,*,*,ふ,フ,フ
もうこらあ,1656,1656,5955,感動詞,*,*,*,*,*,もうこらあ,モウコラア,モウコラア
かなん,1656,1656,6432,感動詞,*,*,*,*,*,かなん,カナン,カナン
あうちら,1656,1656,5955,感動詞,*,*,*,*,*,あうちら,アウチラ,アウチラ
さあかあ,1656,1656,5955,感動詞,*,*,*,*,*,さあかあ,サアカア,サアカア
せあから,1656,1656,5955,感動詞,*,*,*,*,*,せあから,セアカラ,セアカラ
ワアワア,3,3,3981,副詞,一般,*,*,*,*,ワアワア,ワアワア,ワアワア
コンプリート,1457,1457,4769,名詞,サ変接続,*,*,*,*,コンプリート,コンプリート,コンプリート
ターボツー,1656,1656,3177,感動詞,*,*,*,*,*,ターボツー,ターボツー,ターボツー
ジャカジャカ,3,3,3981,副詞,一般,*,*,*,*,ジャカジャカ,ジャカジャカ,ジャカジャカ
へ,1656,1656,6346,感動詞,*,*,*,*,*,へ,ヘ,ヘ
ブッキング,1457,1457,4769,名詞,サ変接続,*,*,*,*,ブッキング,ブッキング,ブッキング
肝試し,1457,1457,5924,名詞,サ変接続,*,*,*,*,肝試し,肝試シ,肝試シ
うぇーい,1656,1656,5954,感動詞,*,*,*,*,*,うぇーい,ウェーイ,ウェーイ
リフティング,1457,1457,4768,名詞,サ変接続,*,*,*,*,リフティング,リフティング,リフティング
宅浪,1457,1457,5923,名詞,サ変接続,*,*,*,*,宅浪,宅浪,宅浪
ぼっこぼこ,3,3,6416,副詞,一般,*,*,*,*,ぼっこぼこ,ボッコボコ,ボッコボコ
ぱっさぱさ,3,3,6418,副詞,一般,*,*,*,*,ぱっさぱさ,パッサパサ,パッサパサ
スパノバ,3,3,3981,副詞,一般,*,*,*,*,スパノバ,スパノバ,スパノバ
バチバチ,3,3,3945,副詞,一般,*,*,*,*,バチバチ,バチバチ,バチバチ
ツンツン,3,3,3533,副詞,一般,*,*,*,*,ツンツン,ツンツン,ツンツン
スッカスカ,3,3,2256,副詞,一般,*,*,*,*,スッカスカ,スッカスカ,スッカスカ
ぺったん,3,3,6420,副詞,一般,*,*,*,*,ぺったん,ペッタン,ペッタン
速攻,3,3,3530,副詞,一般,*,*,*,*,速攻,ソッコウ,ソッコー
ソーソー,1656,1656,3177,感動詞,*,*,*,*,*,ソーソー,ソーソー,ソーソー
ズラーって,3,3,3981,副詞,一般,*,*,*,*,ズラーって,ズラーッテ,ズラーッテ
ドッキリ,3,3,3981,副詞,一般,*,*,*,*,ドッキリ,ドッキリ,ドッキリ
ぼろくそ,1482,1482,6925,名詞,形容動詞語幹,*,*,*,*,ぼろくそ,ボロクソ,ボロクソ
ちょんと,3,3,6420,副詞,一般,*,*,*,*,ちょんと,チョント,チョント
バイバーイ,1656,1656,3177,感動詞,*,*,*,*,*,バイバーイ,バイバーイ,バイバーイ
プシュプシュプシュ,1656,1656,3177,感動詞,*,*,*,*,*,プシュプシュプシュ,プシュプシュプシュ,プシュプシュプシュ
爆走,1457,1457,5924,名詞,サ変接続,*,*,*,*,爆走,爆走,爆走
ケンケンケンケン,1656,1656,3177,感動詞,*,*,*,*,*,ケンケンケンケン,ケンケンケンケン,ケンケンケンケン
ぱっぱっぱ,1656,1656,5955,感動詞,*,*,*,*,*,ぱっぱっぱ,パッパッパ,パッパッパ
グオー,1656,1656,3177,感動詞,*,*,*,*,*,グオー,グオー,グオー
おつかれ,1656,1656,5955,感動詞,*,*,*,*,*,おつかれ,オツカレ,オツカレ
ネチネチ,3,3,3981,副詞,一般,*,*,*,*,ネチネチ,ネチネチ,ネチネチ
タッタッタ,1656,1656,3177,感動詞,*,*,*,*,*,タッタッタ,タッタッタ,タッタッタ
チャプチャプ,1457,1457,4769,名詞,サ変接続,*,*,*,*,チャプチャプ,チャプチャプ,チャプチャプ
ちがう,1656,1656,5598,感動詞,*,*,*,*,*,ちがう,チガウ,チガウ
ポンズー,1656,1656,3177,感動詞,*,*,*,*,*,ポンズー,ポンズー,ポンズー
ぺちゃぺちゃ,3,3,6420,副詞,一般,*,*,*,*,ぺちゃぺちゃ,ペチャペチャ,ペチャペチャ
くっそ,3,3,6420,副詞,一般,*,*,*,*,くっそ,クッソ,クッソ
ボーボー,3,3,3891,副詞,一般,*,*,*,*,ボーボー,ボーボー,ボーボー
センキュー,1656,1656,3177,感動詞,*,*,*,*,*,センキュー,センキュー,センキュー
うぇーい,1656,1656,5954,感動詞,*,*,*,*,*,うぇーい,ウェーイ,ウェーイ
おさがり,1460,1460,7767,名詞,一般,*,*,*,*,おさがり,オサガリ,オサガリ
ほんなん,1461,1461,6505,名詞,一般,副詞可能,*,*,*,ほんなん,ホンナン,ホンナン
あざます,1656,1656,5955,感動詞,*,*,*,*,*,あざます,アザマス,アザマス
アザます,1656,1656,3177,感動詞,*,*,*,*,*,あざます,アザマス,アザマス
あざ,1656,1656,6086,感動詞,*,*,*,*,*,あざ,アザ,アザ
アザ,1656,1656,3308,感動詞,*,*,*,*,*,アザ,アザ,アザ
ダボ,1460,1460,3184,名詞,一般,*,*,*,*,ダボ,ダボ,ダボ
バカ,1482,1482,4019,名詞,形容動詞語幹,*,*,*,*,バカ,バカ,バカ
アホ,1482,1482,3731,名詞,形容動詞語幹,*,*,*,*,アホ,アホ,アホ
コイツ,1460,1460,3101,名詞,一般,*,*,*,*,コイツ,コイツ,コイツ
ナルシ,1482,1482,3731,名詞,形容動詞語幹,*,*,*,*,ナルシ,ナルシ,ナルシ
高確,1460,1460,6449,名詞,一般,*,*,*,*,高確,コウカク,コーカク
妖狐,1460,1460,6450,名詞,一般,*,*,*,*,妖狐,ヨウコ,ヨーコ
逆ギレ,1457,1457,5924,名詞,サ変接続,*,*,*,*,逆ギレ,ギャクギレ,ギャクギレ
逆切れ,1457,1457,5924,名詞,サ変接続,*,*,*,*,逆切れ,ギャクギレ,ギャクギレ
ブクブクブクブク,1656,1656,3177,感動詞,*,*,*,*,*,ブクブクブクブク,ブクブクブクブク,ブクブクブクブク
プニプニ,3,3,3981,副詞,一般,*,*,*,*,プニプニ,プニプニ,プニプニ
バタン,3,3,3981,副詞,一般,*,*,*,*,バタン,バタン,バタン
ビッショビショ,3,3,3981,副詞,一般,*,*,*,*,ビッショビショ,ビッショビショ,ビッショビショ
クソアホ,1656,1656,3177,感動詞,*,*,*,*,*,クソアホ,クソアホ,クソアホ
ドゥンドゥン,1656,1656,3177,感動詞,*,*,*,*,*,ドゥンドゥン,ドゥンドゥン,ドゥンドゥン
ドゥーン,1656,1656,3177,感動詞,*,*,*,*,*,ドゥーン,ドゥーン,ドゥーン
チューター,1457,1457,4769,名詞,サ変接続,*,*,*,*,チューター,チューター,チューター
むきむき,3,3,6420,副詞,一般,*,*,*,*,むきむき,ムキムキ,ムキムキ
ガソスタ,1457,1457,4769,名詞,サ変接続,*,*,*,*,ガソスタ,ガソスタ,ガソスタ
おもっきり,1470,1470,6704,名詞,副詞可能・縮約形,*,*,*,*,おもっきり,オモッキリ,オモッキリ
いっせいのーで,1656,1656,5955,感動詞,*,*,*,*,*,いっせいのーで,イッセイノーデ,イッセイノーデ
半正座,1457,1457,5924,名詞,サ変接続,*,*,*,*,半正座,半正座,半正座
バァー,3,3,3981,副詞,一般,*,*,*,*,バァー,バァー,バァー
ワイワイワイワイ,1656,1656,3177,感動詞,*,*,*,*,*,ワイワイワイワイ,ワイワイワイワイ,ワイワイワイワイ
デャー,3,3,3981,副詞,一般,*,*,*,*,デャー,デャー,デャー
びゃー,1656,1656,5955,感動詞,*,*,*,*,*,びゃー,ビャー,ビャー
たったったった,1656,1656,5955,感動詞,*,*,*,*,*,たったったった,タッタッタッタ,タッタッタッタ
だっだっだ,1656,1656,5955,感動詞,*,*,*,*,*,だっだっだ,ダッダッダ,ダッダッダ
づめ,1485,1485,7851,名詞,接尾,一般,*,*,*,詰め,ヅメ,ズメ
cc,1489,1489,3869,名詞,接尾,助数詞,*,*,*,cc,シーシー,シーシー
すんごい,1656,1656,5955,感動詞,*,*,*,*,*,すんごい,スンゴイ,スンゴイ
ハーハーハーハー,1656,1656,3177,感動詞,*,*,*,*,*,ハーハーハーハー,ハーハーハーハー,ハーハーハーハー
ガクッと,3,3,3981,副詞,一般,*,*,*,*,ガクッと,ガクット,ガクット
ハーハーハー,1656,1656,3177,感動詞,*,*,*,*,*,ハーハーハー,ハーハーハー,ハーハーハー
ゲエゲエゲエゲエ,1656,1656,3177,感動詞,*,*,*,*,*,ゲエゲエゲエゲエ,ゲエゲエゲエゲエ,ゲエゲエゲエゲエ
メロディアス,1482,1482,3731,名詞,形容動詞語幹,*,*,*,*,メロディアス,メロディアス,メロディアス
ウォウウォウ,1656,1656,3177,感動詞,*,*,*,*,*,ウォウウォウ,ウォウウォウ,ウォウウォウ
ウィンドサーフィン,1457,1457,4769,名詞,サ変接続,*,*,*,*,ウィンドサーフィン,ウィンドサーフィン,ウィンドサーフィン
ごっぽり,3,3,6420,副詞,一般,*,*,*,*,ごっぽり,ゴッポリ,ゴッポリ
ぶっさいく,1482,1482,6925,名詞,形容動詞語幹,*,*,*,*,ぶっさいく,ブッサイク,ブッサイク
アイムオッケー,1656,1656,3177,感動詞,*,*,*,*,*,アイムオッケー,アイムオッケー,アイムオッケー
line,1457,1457,3376,名詞,サ変接続,*,*,*,*,line,line,line
イエーイ,1656,1656,3177,感動詞,*,*,*,*,*,イエーイ,イエーイ,イエーイ
ウェーイ,1656,1656,3177,感動詞,*,*,*,*,*,ウェーイ,ウェーイ,ウェーイ
ガッツリ,3,3,3981,副詞,一般,*,*,*,*,ガッツリ,ガッツリ,ガッツリ
キュンキュン,3,3,3981,副詞,一般,*,*,*,*,キュンキュン,キュンキュン,キュンキュン
ガチガチガチ,1656,1656,3177,感動詞,*,*,*,*,*,ガチガチガチ,ガチガチガチ,ガチガチガチ
ハクション,1656,1656,3177,感動詞,*,*,*,*,*,ハクション,ハクション,ハクション
ふわっふわ,1656,1656,5955,感動詞,*,*,*,*,*,ふわっふわ,フワッフワ,フワッフワ
ぱっぱっぱっぱ,1656,1656,5955,感動詞,*,*,*,*,*,ぱっぱっぱっぱ,パッパッパッパ,パッパッパッパ
キザ,1482,1482,3731,名詞,形容動詞語幹,*,*,*,*,キザ,キザ,キザ
中々,3,3,3529,副詞,一般,*,*,*,*,中々,ナカナカ,ナカナカ
不免,1457,1457,5924,名詞,サ変接続,*,*,*,*,不免,不免,不免
イェイ,1656,1656,3177,感動詞,*,*,*,*,*,イェイ,イェイ,イェイ
んと,2,2,6264,フィラー,*,*,*,*,*,んと,ント,ント
えのね,2,2,5310,フィラー,*,*,*,*,*,えのね,エノネ,エノネ
えのねー,2,2,5310,フィラー,*,*,*,*,*,えのねー,エノネー,エノネー
あのねー,2,2,5310,フィラー,*,*,*,*,*,あのねー,アノネー,アノネー
わりい,1656,1656,5955,感動詞,*,*,*,*,*,わりい,ワリイ,ワリイ
ボルダリング,1457,1457,4769,名詞,サ変接続,*,*,*,*,ボルダリング,ボルダリング,ボルダリング
あこ,1468,1468,6191,名詞,代名詞・縮約形,一般,*,*,*,あそこ,アコ,アコ
合目,1489,1489,8047,名詞,接尾,助数詞,*,*,*,合,ゴウメ,ゴーメ
ワンワン,3,3,3981,副詞,一般,*,*,*,*,ワンワン,ワンワン,ワンワン
閉園,1457,1457,5924,名詞,サ変接続,*,*,*,*,閉園,閉園,閉園
ノー勉,1457,1457,4769,名詞,サ変接続,*,*,*,*,ノー勉,ノー勉,ノー勉
脱輪,1457,1457,5924,名詞,サ変接続,*,*,*,*,脱輪,脱輪,脱輪
ひぇー,1656,1656,5955,感動詞,*,*,*,*,*,ひぇー,ヒェー,ヒェー
フットサル,1457,1457,4769,名詞,サ変接続,*,*,*,*,フットサル,フットサル,フットサル
夕勤,1457,1457,5924,名詞,サ変接続,*,*,*,*,夕勤,夕勤,夕勤
なんちゃらかんちゃら,3,3,6420,副詞,一般,*,*,*,*,なんちゃらかんちゃら,ナンチャラカンチャラ,ナンチャラカンチャラ
っちゃ,291,291,7160,助詞,格助詞,一般,*,*,*,っちゃ,ッチャ,ッチャ
かなん,1656,1656,6432,感動詞,*,*,*,*,*,かなん,カナン,カナン
敵ん,1656,1656,4426,感動詞,*,*,*,*,*,敵ん,カナン,カナン
わりい,1656,1656,5955,感動詞,*,*,*,*,*,わりい,ワリイ,ワリイ
音圧,1460,1460,6450,名詞,一般,*,*,*,*,音圧,オンアツ,オンアツ
割と,3,3,3530,副詞,一般,*,*,*,*,割と,ワリト,ワリト
割かし,3,3,3530,副詞,一般,*,*,*,*,割かし,ワリカシ,ワリカシ
ワンワカ,3,3,3981,副詞,一般,*,*,*,*,ワンワカ,ワンワカ,ワンワカ
やんぺ,1460,1460,7767,名詞,一般,*,*,*,*,やんぺ,ヤンペ,ヤンペ
リア充,1460,1460,3184,名詞,一般,*,*,*,*,リア充,リアジュウ,リアジュウ
どんなけ,4,4,4691,副詞,一般・縮約形,*,*,*,*,どれだけ,ドンナケ,ドンナケ
さあ,414,414,6291,助詞,終助詞,*,*,*,*,さ,サア,サー
もろ,3,3,6525,副詞,一般,*,*,*,*,もろ,モロ,モロ
姉貴,1460,1460,6450,名詞,一般,*,*,*,*,姉貴,アネキ,アネキ
塩ビ,1460,1460,6450,名詞,一般,*,*,*,*,塩ビ,エンビ,エンビ
イェイ,1656,1656,3177,感動詞,*,*,*,*,*,イェイ,イェイ,イェイ
スッカスカ,1482,1482,5456,名詞,形容動詞語幹,*,*,*,*,スッカスカ,スッカスカ,スッカスカ
ボコボコ,5,5,1833,副詞,助詞類接続,*,*,*,*,ボコボコ,ボコボコ,ボコボコ
んと,2,2,6264,フィラー,*,*,*,*,*,んと,ント,ント
藤原台,1476,1476,9373,名詞,固有名詞,地域,一般,*,*,藤原台,フジワラダイ,フジワラダイ
高跳び,1460,1460,6450,名詞,一般,*,*,*,*,高跳び,タカトビ,タカトビ
外湯,1460,1460,6450,名詞,一般,*,*,*,*,外湯,ソトユ,ソトユ
名湯,1460,1460,6450,名詞,一般,*,*,*,*,名湯,メイユ,メイユ
放,1485,1485,8898,名詞,接尾,一般,*,*,*,放,ホウ,ホー
放,1485,1485,9078,名詞,接尾,一般,*,*,*,放,ホ,ホ
ホ,1485,1485,5292,名詞,接尾,一般,*,*,*,ホ,ホ,ホ
ほ,1485,1485,7635,名詞,接尾,一般,*,*,*,ほ,ホ,ホ
独占欲,1460,1460,6450,名詞,一般,*,*,*,*,独占欲,ドクセンヨク,ドクセンヨク
かわいそ,1656,1656,6007,感動詞,*,*,*,*,*,かわいそ,カワイソ,カワイソ
ひぇー,1656,1656,5955,感動詞,*,*,*,*,*,ひぇー,ヒェー,ヒェー
姉貴,1460,1460,6450,名詞,一般,*,*,*,*,姉貴,アネキ,アネキ
さー,414,414,7342,助詞,終助詞,*,*,*,*,さ,サー,サー
キャピキャピ,1656,1656,3177,感動詞,*,*,*,*,*,キャピキャピ,キャピキャピ,キャピキャピ
そっかあ,1656,1656,5955,感動詞,*,*,*,*,*,そっかあ,ソッカア,ソッカア
ちっ,1656,1656,5960,感動詞,*,*,*,*,*,ちっ,チッ,チッ
ひょえー,1656,1656,5955,感動詞,*,*,*,*,*,ひょえー,ヒョエー,ヒョエー
うぃうぃうぃ,1656,1656,5955,感動詞,*,*,*,*,*,うぃうぃうぃ,ウィウィウィ,ウィウィウィ
せんど,3,3,6420,副詞,一般,*,*,*,*,せんど,センド,センド
にしろ,337,337,6076,助詞,格助詞,連語,*,*,*,にしろ,ニシロ,ニシロ
けんども,256,256,4853,助詞,接続助詞,*,*,*,*,けんども,ケンドモ,ケンドモ
ソーランソーランソー,1656,1656,3177,感動詞,*,*,*,*,*,ソーランソーランソー,ソーランソーランソー,ソーランソーランソー
ランソーランソーラン,1656,1656,3177,感動詞,*,*,*,*,*,ランソーランソーラン,ランソーランソーラン,ランソーランソーラン
いこら,1656,1656,5955,感動詞,*,*,*,*,*,いこら,イコラ,イコラ
ウェルカム,1457,1457,4769,名詞,サ変接続,*,*,*,*,ウェルカム,ウェルカム,ウェルカム
ら,438,438,7727,助詞,終助詞,*,*,*,*,ら,ラ,ラ
くそ,1656,1656,5955,感動詞,*,*,*,*,*,くそ,クソ,クソ
ちゃら,1656,1656,5955,感動詞,*,*,*,*,*,ちゃら,チャラ,チャラ
クシュクシュクシュクシュ,1656,1656,3177,感動詞,*,*,*,*,*,クシュクシュクシュクシュ,クシュクシュクシュクシュ,クシュクシュクシュクシュ
パシャパシャパシャパシャ,1656,1656,3177,感動詞,*,*,*,*,*,パシャパシャパシャパシャ,パシャパシャパシャパシャ,パシャパシャパシャパシャ
ういー,1656,1656,5955,感動詞,*,*,*,*,*,ういー,ウイー,ウイー
ちいちゃい,1482,1482,6925,名詞,形容動詞語幹,*,*,*,*,ちいちゃい,チイチャイ,チイチャイ
小ちゃい,1482,1482,4855,名詞,形容動詞語幹,*,*,*,*,小ちゃい,小チャイ,小チャイ
シュッシュシュッシュ,1656,1656,3177,感動詞,*,*,*,*,*,シュッシュシュッシュ,シュッシュシュッシュ,シュッシュシュッシュ
ぱぱぱー,1656,1656,5955,感動詞,*,*,*,*,*,ぱぱぱー,パパパー,パパパー
んな,1675,1675,5610,連体詞,*,*,*,*,*,んな,ンナ,ンナ
うじょうじょ,3,3,6420,副詞,一般,*,*,*,*,うじょうじょ,ウジョウジョ,ウジョウジョ
滝行,1457,1457,5924,名詞,サ変接続,*,*,*,*,滝行,滝行,滝行
スイスイスイ,1656,1656,3177,感動詞,*,*,*,*,*,スイスイスイ,スイスイスイ,スイスイスイ
けんど,255,255,4853,助詞,接続助詞,*,*,*,*,けんど,ケンド,ケンド
けんども,256,256,4853,助詞,接続助詞,*,*,*,*,けんども,ケンドモ,ケンドモ
ボンボン,3,3,3981,副詞,一般,*,*,*,*,ボンボン,ボンボン,ボンボン
は,1656,1656,5998,感動詞,*,*,*,*,*,は,ハ,ハ
パッパラパー,1656,1656,3177,感動詞,*,*,*,*,*,パッパラパー,パッパラパー,パッパラパー
ぺっぺっぺ,1656,1656,5955,感動詞,*,*,*,*,*,ぺっぺっぺ,ペッペッペ,ペッペッペ
やべぇ,1656,1656,5955,感動詞,*,*,*,*,*,やべぇ,ヤベェ,ヤベェ
うらぁ,1656,1656,5955,感動詞,*,*,*,*,*,うらぁ,ウラァ,ウラァ
ハロー,1656,1656,3177,感動詞,*,*,*,*,*,ハロー,ハロー,ハロー
うぇー,1656,1656,5955,感動詞,*,*,*,*,*,うぇー,ウェー,ウェー
いてえ,1656,1656,5955,感動詞,*,*,*,*,*,いてえ,イテエ,イテエ
すんごい,3,3,6420,副詞,一般,*,*,*,*,すんごい,スンゴイ,スンゴイ
んで,1657,1657,4781,接続詞,*,*,*,*,*,んで,ンデ,ンデ
ザ,1660,1660,3516,接頭詞,名詞接続,*,*,*,*,ザ,ザ,ザ
もろ,3,3,6525,副詞,一般,*,*,*,*,もろ,モロ,モロ
モロ,3,3,4015,副詞,一般,*,*,*,*,モロ,モロ,モロ
いってえ,1656,1656,5955,感動詞,*,*,*,*,*,いってえ,イッテエ,イッテー
いてえ,1656,1656,5955,感動詞,*,*,*,*,*,いてえ,イテエ,イテー
いてー,1656,1656,5955,感動詞,*,*,*,*,*,いてー,イテー,イテー
いってー,1656,1656,5955,感動詞,*,*,*,*,*,いってー,イッテー,イっテー
ど,5,5,4539,副詞,助詞類接続,*,*,*,*,どう,ド,ド
あきません,1656,1656,5955,感動詞,*,*,*,*,*,あきません,アキマセン,アキマセン
おん,1656,1656,6404,感動詞,*,*,*,*,*,おん,オン,オン
何やらかんやら,3,3,3530,副詞,一般,*,*,*,*,何やらかんやら,ナンヤカンヤラ,ナンヤカンヤラ
なんやらかんやら,3,3,6420,副詞,一般,*,*,*,*,なんやらかんやら,ナンヤカンヤラ,ナンヤカンヤラ
何やらかんや,3,3,3530,副詞,一般,*,*,*,*,何やらかんや,ナンヤカンヤ,ナンヤカンヤ
なんやらかんや,3,3,6420,副詞,一般,*,*,*,*,なんやらかんや,ナンヤカンヤ,ナンヤカンヤ
ようけ,3,3,6420,副詞,一般,*,*,*,*,ようけ,ヨウケ,ヨーケ
ばっちし,3,3,6420,副詞,一般,*,*,*,*,ばっちし,バッチシ,バッチシ
そうゆう,1675,1675,7904,連体詞,*,*,*,*,*,そうゆう,ソウユウ,ソーユウ
そんの,1675,1675,4366,連体詞,*,*,*,*,*,その,ソンノ,ソンノ
ほて,1657,1657,4569,接続詞,*,*,*,*,*,ほて,ホテ,ホテ
ほれ,1464,1464,4282,名詞,代名詞,一般,*,*,*,ほれ,ホレ,ホレ
から,289,289,6269,助詞,格助詞,一般,*,*,*,から,カラ,カラ
でー,1657,1657,5964,接続詞,*,*,*,*,*,でー,デー,デー
よっしゃあ,1656,1656,5955,感動詞,*,*,*,*,*,よっしゃあ,ヨッシャア,ヨッシャア
おりゃー,1656,1656,5955,感動詞,*,*,*,*,*,おりゃー,オリャー,オリャー
ええー,2,2,5310,フィラー,*,*,*,*,*,ええー,エエー,エエー
浪,1489,1489,8017,名詞,接尾,助数詞,*,*,*,浪,ロウ,ロー
素潜り,1457,1457,5924,名詞,サ変接続,*,*,*,*,素潜り,素潜リ,素潜リ
さらっと,3,3,6420,副詞,一般,*,*,*,*,さらっと,サラット,サラット
アーメン,1656,1656,3177,感動詞,*,*,*,*,*,アーメン,アーメン,アーメン
あげぽよ,1656,1656,5955,感動詞,*,*,*,*,*,あげぽよ,アゲポヨ,アゲポヨ
へあ,1656,1656,5955,感動詞,*,*,*,*,*,へあ,ヘア,ヘア
そあ,1656,1656,5955,感動詞,*,*,*,*,*,そあ,ソア,ソア
スカイダイビング,1457,1457,4769,名詞,サ変接続,*,*,*,*,スカイダイビング,スカイダイビング,スカイダイビング
へいっ,1656,1656,5955,感動詞,*,*,*,*,*,へいっ,ヘイッ,ヘイッ
ただいまー,1656,1656,5955,感動詞,*,*,*,*,*,ただいまー,タダイマー,タダイマー
ピエー,1656,1656,3177,感動詞,*,*,*,*,*,ピエー,ピエー,ピエー
ガッチリ,1482,1482,3731,名詞,形容動詞語幹,*,*,*,*,ガッチリ,ガッチリ,ガッチリ
しかっり,3,3,6420,副詞,一般,*,*,*,*,しかっり,シカッリ,シカッリ
ポーンポーンっと,3,3,3981,副詞,一般,*,*,*,*,ポーンポーンっと,ポーンポーンット,ポーンポーンット
ぐだぐだ,3,3,6420,副詞,一般,*,*,*,*,ぐだぐだ,グダグダ,グダグダ
おつきあい,1457,1457,7662,名詞,サ変接続,*,*,*,*,おつきあい,オツキアイ,オツキアイ
な,2,2,6752,フィラー,*,*,*,*,*,な,ナ,ナ
ろく,1482,1482,6926,名詞,形容動詞語幹,*,*,*,*,ろく,ロク,ロク
偶々,3,3,3484,副詞,一般,*,*,*,*,偶々,タマタマ,タマタマ
チート,1457,1457,4769,名詞,サ変接続,*,*,*,*,チート,チート,チート
チーティング,1457,1457,4769,名詞,サ変接続,*,*,*,*,チーティング,チーティング,チーティング
エドバーイヨバ,1656,1656,3177,感動詞,*,*,*,*,*,エドバーイヨバ,エドバーイヨバ,エドバーイヨバ
ルセフ,1656,1656,3177,感動詞,*,*,*,*,*,ルセフ,ルセフ,ルセフ
いっかー,1656,1656,5955,感動詞,*,*,*,*,*,いっかー,イッカー,イッカー
ずる,1457,1457,7715,名詞,サ変接続,*,*,*,*,ずる,ズル,ズル
マスタリーフォーサービス,1656,1656,3177,感動詞,*,*,*,*,*,マスタリーフォーサービス,マスタリーフォーサービス,マスタリーフォーサービス
へーい,1656,1656,5955,感動詞,*,*,*,*,*,へーい,ヘーイ,ヘーイ
爆買,1457,1457,5924,名詞,サ変接続,*,*,*,*,爆買,爆買,爆買
キュン,1656,1656,3177,感動詞,*,*,*,*,*,キュン,キュン,キュン
アクティビティ,1482,1482,3731,名詞,形容動詞語幹,*,*,*,*,アクティビティ,アクティビティ,アクティビティ
あざす,1656,1656,5955,感動詞,*,*,*,*,*,あざす,アザス,アザス
やっぴー,1656,1656,5955,感動詞,*,*,*,*,*,やっぴー,ヤッピー,ヤッピー
バンジー,1457,1457,4769,名詞,サ変接続,*,*,*,*,バンジー,バンジー,バンジー
んな,2,2,5916,フィラー,*,*,*,*,*,んな,ンナ,ンナ
ヒヤヒヤ,3,3,3981,副詞,一般,*,*,*,*,ヒヤヒヤ,ヒヤヒヤ,ヒヤヒヤ
ピューと,3,3,3981,副詞,一般,*,*,*,*,ピューと,ピュート,ピュート
ぽろっと,3,3,6420,副詞,一般,*,*,*,*,ぽろっと,ポロット,ポロット
ギーコギコ,1656,1656,3177,感動詞,*,*,*,*,*,ギーコギコ,ギーコギコ,ギーコギコ
ワンワン,1656,1656,3177,感動詞,*,*,*,*,*,ワンワン,ワンワン,ワンワン
そーっと,3,3,6420,副詞,一般,*,*,*,*,そーっと,ソーット,ソーット
マーチング,1457,1457,4769,名詞,サ変接続,*,*,*,*,マーチング,マーチング,マーチング
のりのり,3,3,6420,副詞,一般,*,*,*,*,のりのり,ノリノリ,ノリノリ
ガシャガシャ,3,3,3981,副詞,一般,*,*,*,*,ガシャガシャ,ガシャガシャ,ガシャガシャ
ヘドバン,1457,1457,4769,名詞,サ変接続,*,*,*,*,ヘドバン,ヘドバン,ヘドバン
コスプレ,1457,1457,4769,名詞,サ変接続,*,*,*,*,コスプレ,コスプレ,コスプレ
うっしゃ,1656,1656,5955,感動詞,*,*,*,*,*,うっしゃ,ウッシャ,ウッシャ
ずっごい,1656,1656,5955,感動詞,*,*,*,*,*,ずっごい,ズッゴイ,ズッゴイ
がてら,1487,1487,8084,名詞,接尾,副詞可能,*,*,*,がてら,ガテラ,ガテラ
おかし,1482,1482,6946,名詞,形容動詞語幹,*,*,*,*,おかし,オカシ,オカシ
ぶらんぶらん,3,3,6420,副詞,一般,*,*,*,*,ぶらんぶらん,ブランブラン,ブランブラン
ちーず,1656,1656,5955,感動詞,*,*,*,*,*,ちーず,チーズ,チーズ
めんどくさ,1656,1656,5955,感動詞,*,*,*,*,*,めんどくさ,メンドクサ,メンドクサ
やめやめ,1656,1656,5955,感動詞,*,*,*,*,*,やめやめ,ヤメヤメ,ヤメヤメ
どろっどろ,3,3,6420,副詞,一般,*,*,*,*,どろっどろ,ドロッドロ,ドロッドロ
タイピング,1457,1457,4769,名詞,サ変接続,*,*,*,*,タイピング,タイピング,タイピング
インタービュー,1457,1457,4769,名詞,サ変接続,*,*,*,*,インタービュー,インタービュー,インタービュー
よっと,3,3,6420,副詞,一般,*,*,*,*,よっと,ヨット,ヨット
じゃきじゃき,3,3,6420,副詞,一般,*,*,*,*,じゃきじゃき,ジャキジャキ,ジャキジャキ
外バン,1457,1457,5924,名詞,サ変接続,*,*,*,*,外バン,外バン,外バン
ああいう,1675,1675,4899,連体詞,*,*,*,*,*,ああいう,アアイウ,アーユウ
餅つき,1457,1457,5924,名詞,サ変接続,*,*,*,*,餅つき,餅ツキ,餅ツキ
どらんと,3,3,6420,副詞,一般,*,*,*,*,どらんと,ドラント,ドラント
パコーン,3,3,3981,副詞,一般,*,*,*,*,パコーン,パコーン,パコーン
そそそ,1656,1656,5955,感動詞,*,*,*,*,*,そそそ,ソソソ,ソソソ
変顔,1457,1457,5924,名詞,サ変接続,*,*,*,*,変顔,変顔,変顔
ブワーて,3,3,3981,副詞,一般,*,*,*,*,ブワーて,ブワーテ,ブワーテ
おかわり,1656,1656,5955,感動詞,*,*,*,*,*,おかわり,オカワリ,オカワリ
えとー,2,2,5310,フィラー,*,*,*,*,*,えとー,エトー,エトー
あああああ,1656,1656,5955,感動詞,*,*,*,*,*,あああああ,アアアアア,アアアアア
すいませーん,1656,1656,5955,感動詞,*,*,*,*,*,すいませーん,スイマセーン,スイマセーン
よおー,1656,1656,5955,感動詞,*,*,*,*,*,よおー,ヨオー,ヨオー
なんどい,1656,1656,5955,感動詞,*,*,*,*,*,なんどい,ナンドイ,ナンドイ
ふぁー,1656,1656,5957,感動詞,*,*,*,*,*,ふぁー,ファー,ファー
あとー,1657,1657,4569,接続詞,*,*,*,*,*,アトー,アトー,アトー
あと,1657,1657,6156,接続詞,*,*,*,*,*,アト,アト,アト
ひたっと,3,3,6420,副詞,一般,*,*,*,*,ひたっと,ヒタット,ヒタット
ひゃ,1656,1656,5955,感動詞,*,*,*,*,*,ひゃ,ヒャ,ヒャ
ぺらっぺら,3,3,6420,副詞,一般,*,*,*,*,ぺらっぺら,ペラッペラ,ペラッペラ
ニーハオ,1656,1656,3177,感動詞,*,*,*,*,*,ニーハオ,ニーハオ,ニーハオ
アテンド,1457,1457,4769,名詞,サ変接続,*,*,*,*,アテンド,アテンド,アテンド
ぷらぷら,3,3,6420,副詞,一般,*,*,*,*,ぷらぷら,プラプラ,プラプラ
りょんりょん,1656,1656,5955,感動詞,*,*,*,*,*,りょんりょん,リョンリョン,リョンリョン
あとんじょり,1656,1656,5955,感動詞,*,*,*,*,*,あとんじょり,アトンジョリ,アトンジョリ
ぎょんぎょん,1656,1656,5955,感動詞,*,*,*,*,*,ぎょんぎょん,ギョンギョン,ギョンギョン
おいでー,1656,1656,5955,感動詞,*,*,*,*,*,おいでー,オイデー,オイデー
ガーデニング,1457,1457,4769,名詞,サ変接続,*,*,*,*,ガーデニング,ガーデニング,ガーデニング
なう,3,3,6682,副詞,一般,*,*,*,*,なう,ナウ,ナウ
てへぺろ,1656,1656,5955,感動詞,*,*,*,*,*,てへぺろ,テヘペロ,テヘペロ
ガックガク,3,3,3981,副詞,一般,*,*,*,*,ガックガク,ガックガク,ガックガク
ちょこちょこと,3,3,6420,副詞,一般,*,*,*,*,ちょこちょこと,チョコチョコト,チョコチョコト
たぷたぷた,3,3,6420,副詞,一般,*,*,*,*,たぷたぷた,タプタプタ,タプタプタ
ペタペタ,3,3,3981,副詞,一般,*,*,*,*,ペタペタ,ペタペタ,ペタペタ
パクリ,3,3,3981,副詞,一般,*,*,*,*,パクリ,パクリ,パクリ
パクッて,3,3,3981,副詞,一般,*,*,*,*,パクッて,パクッテ,パクッテ
チョンと,3,3,3982,副詞,一般,*,*,*,*,チョンと,チョント,チョント
しゃーない,1656,1656,5955,感動詞,*,*,*,*,*,しゃーない,シャーナイ,シャーナイ
だめ,1656,1656,6025,感動詞,*,*,*,*,*,だめ,ダメ,ダメ
ヤーッ,1656,1656,3177,感動詞,*,*,*,*,*,ヤーッ,ヤーッ,ヤーッ
ドンチャカドンチャカ,3,3,3981,副詞,一般,*,*,*,*,ドンチャカドンチャカ,ドンチャカドンチャカ,ドンチャカドンチャカ
ほいほい,3,3,6420,副詞,一般,*,*,*,*,ほいほい,ホイホイ,ホイホイ
しゃんとこ,1656,1656,5955,感動詞,*,*,*,*,*,しゃんとこ,シャントコ,シャントコ
しゃんとこべえ,1656,1656,5955,感動詞,*,*,*,*,*,しゃんとこべえ,シャントコベエ,シャントコベエ
どばどばどばどばどばーっと,1656,1656,5955,感動詞,*,*,*,*,*,どばどばどばどばどばーっと,ドバドバドバドバドバーット,ドバドバドバドバドバーット
グアーッと,3,3,3981,副詞,一般,*,*,*,*,グアーッと,グアーット,グアーット
カッチーンと,3,3,3981,副詞,一般,*,*,*,*,カッチーンと,カッチーント,カッチーント
イコライジング,1457,1457,4769,名詞,サ変接続,*,*,*,*,イコライジング,イコライジング,イコライジング
うおおおお,1656,1656,5955,感動詞,*,*,*,*,*,うおおおお,ウオオオオ,ウオオオオ
チューニング,1457,1457,4769,名詞,サ変接続,*,*,*,*,チューニング,チューニング,チューニング
リハ,1457,1457,4769,名詞,サ変接続,*,*,*,*,リハ,リハ,リハ
トライアンドエラー,1656,1656,3177,感動詞,*,*,*,*,*,トライアンドエラー,トライアンドエラー,トライアンドエラー
もっぺん,3,3,6420,副詞,一般,*,*,*,*,もっぺん,モッペン,モッペン
ペラッペラ,3,3,3981,副詞,一般,*,*,*,*,ペラッペラ,ペラッペラ,ペラッペラ
タンタンタン,1656,1656,3177,感動詞,*,*,*,*,*,タンタンタン,タンタンタン,タンタンタン
ちゃっち,1482,1482,6925,名詞,形容動詞語幹,*,*,*,*,ちゃっち,チャッチ,チャッチ
グァーっと,3,3,3981,副詞,一般,*,*,*,*,グァーっと,グァーット,グァーット
グァって,3,3,3981,副詞,一般,*,*,*,*,グァって,グァッテ,グァッテ
ガチャーンと,3,3,3981,副詞,一般,*,*,*,*,ガチャーンと,ガチャーント,ガチャーント
パチンって,3,3,3981,副詞,一般,*,*,*,*,パチンって,パチンッテ,パチンッテ
パンッパンッて,3,3,3981,副詞,一般,*,*,*,*,パンッパンッて,パンッパンッテ,パンッパンッテ
無理,1656,1656,5118,感動詞,*,*,*,*,*,無理,無理,無理
りょ,1656,1656,5955,感動詞,*,*,*,*,*,りょ,リョ,リョ
り,1656,1656,6642,感動詞,*,*,*,*,*,り,リ,リ
わ,1656,1656,6563,感動詞,*,*,*,*,*,わ,ワ,ワ
アイアムアヒーロー,1656,1656,3177,感動詞,*,*,*,*,*,アイアムアヒーロー,アイアムアヒーロー,アイアムアヒーロー
チュンチュン,1656,1656,3177,感動詞,*,*,*,*,*,チュンチュン,チュンチュン,チュンチュン
いたたたっ,1656,1656,5955,感動詞,*,*,*,*,*,いたたたっ,イタタタッ,イタタタッ
いった,1656,1656,6050,感動詞,*,*,*,*,*,いった,イッタ,イッタ
ごめーん,1656,1656,5955,感動詞,*,*,*,*,*,ごめーん,ゴメーン,ゴメーン
やぱ,1656,1656,5955,感動詞,*,*,*,*,*,やぱ,ヤパ,ヤパ
バシャバシャ,3,3,3981,副詞,一般,*,*,*,*,バシャバシャ,バシャバシャ,バシャバシャ
すんげえ,3,3,6420,副詞,一般,*,*,*,*,すんげえ,スンゲエ,スンゲエ
ぽよ,1656,1656,5955,感動詞,*,*,*,*,*,ぽよ,ポヨ,ポヨ
ぽよぽよ,1656,1656,5955,感動詞,*,*,*,*,*,ぽよぽよ,ポヨポヨ,ポヨポヨ
ギトギト,3,3,3981,副詞,一般,*,*,*,*,ギトギト,ギトギト,ギトギト
ぐぁーって,3,3,6420,副詞,一般,*,*,*,*,ぐぁーって,グァーッテ,グァーッテ
ぽろーんと,3,3,6420,副詞,一般,*,*,*,*,ぽろーんと,ポローント,ポローント
アウェー,1656,1656,3177,感動詞,*,*,*,*,*,アウェー,アウェー,アウェー
キョトーンって,3,3,3981,副詞,一般,*,*,*,*,キョトーンって,キョトーンッテ,キョトーンッテ
スリーフォーテン,1656,1656,3177,感動詞,*,*,*,*,*,スリーフォーテン,スリーフォーテン,スリーフォーテン
ボワーン,3,3,3981,副詞,一般,*,*,*,*,ボワーン,ボワーン,ボワーン
ばっさばさ,3,3,6420,副詞,一般,*,*,*,*,ばっさばさ,バッサバサ,バッサバサ
フィフィッて,3,3,3981,副詞,一般,*,*,*,*,フィフィッて,フィフィッテ,フィフィッテ
ヒュヒュヒュッて,3,3,3981,副詞,一般,*,*,*,*,ヒュヒュヒュッて,ヒュヒュヒュッテ,ヒュヒュヒュッテ
パタッて,3,3,3981,副詞,一般,*,*,*,*,パタッて,パタッテ,パタッテ
カターンって,3,3,3981,副詞,一般,*,*,*,*,カターンって,カターンッテ,カターンッテ
まるかじり,1457,1457,7662,名詞,サ変接続,*,*,*,*,まるかじり,マルカジリ,マルカジリ
ルルル,1656,1656,3177,感動詞,*,*,*,*,*,ルルル,ルルル,ルルル
ラララ,1656,1656,3177,感動詞,*,*,*,*,*,ラララ,ラララ,ラララ
リリリ,1656,1656,3177,感動詞,*,*,*,*,*,リリリ,リリリ,リリリ
ラララー,1656,1656,3177,感動詞,*,*,*,*,*,ラララー,ラララー,ラララー
やたらめったら,3,3,6420,副詞,一般,*,*,*,*,やたらめったら,ヤタラメッタラ,ヤタラメッタラ
ヘトヘト,3,3,3981,副詞,一般,*,*,*,*,ヘトヘト,ヘトヘト,ヘトヘト
なんべん,3,3,6420,副詞,一般,*,*,*,*,なんべん,ナンベン,ナンベン
カタンコトン,1656,1656,3177,感動詞,*,*,*,*,*,カタンコトン,カタンコトン,カタンコトン
パチャパチャパチャパチャ,1656,1656,3177,感動詞,*,*,*,*,*,パチャパチャパチャパチャ,パチャパチャパチャパチャ,パチャパチャパチャパチャ
グサッと,3,3,3981,副詞,一般,*,*,*,*,グサッと,グサット,グサット
ぶやぶや,3,3,6420,副詞,一般,*,*,*,*,ぶやぶや,ブヤブヤ,ブヤブヤ
プアプアって,3,3,3981,副詞,一般,*,*,*,*,プアプアって,プアプアッテ,プアプアッテ
ベッドメイキング,1457,1457,4769,名詞,サ変接続,*,*,*,*,ベッドメイキング,ベッドメイキング,ベッドメイキング
クララー,1656,1656,3177,感動詞,*,*,*,*,*,クララー,クララー,クララー
ぎりっぎり,1460,1460,7760,名詞,一般,*,*,*,*,ぎりぎり,ギリギリ,ギリギリ
ぎりっぎり,5,5,3433,副詞,助詞類接続,*,*,*,*,ぎりぎり,ギリギリ,ギリギリ
ほわわんって,3,3,6420,副詞,一般,*,*,*,*,ほわわんって,ホワワンッテ,ホワワンッテ
ぜーんぶ,3,3,6420,副詞,一般,*,*,*,*,ぜーんぶ,ゼーンブ,ゼーンブ
はんまに,3,3,6420,副詞,一般,*,*,*,*,はんまに,ハンマニ,ハンマニ
ふぁああ,1656,1656,5955,感動詞,*,*,*,*,*,ふぁああ,ファアア,ファアア
キュッ,1656,1656,3177,感動詞,*,*,*,*,*,キュッ,キュッ,キュッ
ハオリング,1457,1457,4769,名詞,サ変接続,*,*,*,*,ハオリング,ハオリング,ハオリング
すたーって,3,3,6420,副詞,一般,*,*,*,*,すたーって,スターッテ,スターッテ
きょとーんって,3,3,6420,副詞,一般,*,*,*,*,きょとーんって,キョトーンッテ,キョトーンッテ
オーマイガー,1656,1656,3177,感動詞,*,*,*,*,*,オーマイガー,オーマイガー,オーマイガー
ふらっふら,3,3,6420,副詞,一般,*,*,*,*,ふらっふら,フラッフラ,フラッフラ
ぺちゃんと,3,3,6420,副詞,一般,*,*,*,*,ぺちゃんと,ペチャント,ペチャント
そか,1656,1656,6142,感動詞,*,*,*,*,*,そか,ソカ,ソカ
きょとーん,3,3,6420,副詞,一般,*,*,*,*,きょとーん,キョトーン,キョトーン
パタッと,3,3,3981,副詞,一般,*,*,*,*,パタッと,パタット,パタット
りょって,1656,1656,5955,感動詞,*,*,*,*,*,りょって,リョッテ,リョッテ
かえっりょる,1656,1656,5955,感動詞,*,*,*,*,*,かえっりょる,カエッリョル,カエッリョル
ガガガガガー,1656,1656,3177,感動詞,*,*,*,*,*,ガガガガガー,ガガガガガー,ガガガガガー
ジャッジャッジャ,1656,1656,3177,感動詞,*,*,*,*,*,ジャッジャッジャ,ジャッジャッジャ,ジャッジャッジャ
いてまうぞ,1656,1656,5955,感動詞,*,*,*,*,*,いてまうぞ,イテマウゾ,イテマウゾ
どつくぞ,1656,1656,5955,感動詞,*,*,*,*,*,どつくぞ,ドツクゾ,ドツクゾ
昏々と,3,3,3530,副詞,一般,*,*,*,*,昏々と,昏々ト,昏々ト
構へん,1656,1656,4330,感動詞,*,*,*,*,*,構へん,カマヘン,カマヘン
ポロっと,3,3,3981,副詞,一般,*,*,*,*,ポロっと,ポロット,ポロット
ピョって,3,3,3981,副詞,一般,*,*,*,*,ピョって,ピョッテ,ピョッテ
おおけ,3,3,6420,副詞,一般,*,*,*,*,おおけ,オオケ,オオケ
ビータン,3,3,3981,副詞,一般,*,*,*,*,ビータン,ビータン,ビータン
ぴちゃーっと,3,3,6420,副詞,一般,*,*,*,*,ぴちゃーっと,ピチャーット,ピチャーット
つーっと,3,3,6420,副詞,一般,*,*,*,*,つーっと,ツーット,ツーット
ピチっと,3,3,3981,副詞,一般,*,*,*,*,ピチっと,ピチット,ピチット
ペラッと,3,3,3981,副詞,一般,*,*,*,*,ペラッと,ペラット,ペラット
パカパカ,3,3,3981,副詞,一般,*,*,*,*,パカパカ,パカパカ,パカパカ
ミュイミュイッと,3,3,3981,副詞,一般,*,*,*,*,ミュイミュイッと,ミュイミュイット,ミュイミュイット
ビタッと,3,3,3981,副詞,一般,*,*,*,*,ビタッと,ビタット,ビタット
スッタスッタ,3,3,3981,副詞,一般,*,*,*,*,スッタスッタ,スッタスッタ,スッタスッタ
ブクブク,3,3,3981,副詞,一般,*,*,*,*,ブクブク,ブクブク,ブクブク
ピーピリリリー,1656,1656,3177,感動詞,*,*,*,*,*,ピーピリリリー,ピーピリリリー,ピーピリリリー
メソメソ,3,3,3981,副詞,一般,*,*,*,*,メソメソ,メソメソ,メソメソ
チャーッと,3,3,3981,副詞,一般,*,*,*,*,チャーッと,チャーット,チャーット
ボイッと,3,3,3981,副詞,一般,*,*,*,*,ボイッと,ボイット,ボイット
ベチーンと,3,3,3981,副詞,一般,*,*,*,*,ベチーンと,ベチーント,ベチーント
バチーンと,3,3,3981,副詞,一般,*,*,*,*,バチーンと,バチーント,バチーント
カタカタカタ,1656,1656,3177,感動詞,*,*,*,*,*,カタカタカタ,カタカタカタ,カタカタカタ
うぬん,1656,1656,5955,感動詞,*,*,*,*,*,うぬん,ウヌン,ウヌン
プスプス,3,3,3981,副詞,一般,*,*,*,*,プスプス,プスプス,プスプス
ほんっまに,1656,1656,5955,感動詞,*,*,*,*,*,ほんっまに,ホンッマニ,ホンッマニ
クネクネ,3,3,3981,副詞,一般,*,*,*,*,クネクネ,クネクネ,クネクネ
わお,1656,1656,5955,感動詞,*,*,*,*,*,わお,ワオ,ワオ
シュシューっと,3,3,3981,副詞,一般,*,*,*,*,シュシューっと,シュシューット,シュシューット
バサッて,3,3,3981,副詞,一般,*,*,*,*,バサッて,バサッテ,バサッテ
らっきゃらっきゃ,1656,1656,5955,感動詞,*,*,*,*,*,らっきゃらっきゃ,ラッキャラッキャ,ラッキャラッキャ
チパチパチパチ,1656,1656,3177,感動詞,*,*,*,*,*,チパチパチパチ,チパチパチパチ,チパチパチパチ
プクーって,3,3,3981,副詞,一般,*,*,*,*,プクーって,プクーッテ,プクーッテ
ポトン,3,3,3981,副詞,一般,*,*,*,*,ポトン,ポトン,ポトン
嘆讃,1457,1457,5924,名詞,サ変接続,*,*,*,*,嘆讃,嘆讃,嘆讃
てやんでえ,1656,1656,5955,感動詞,*,*,*,*,*,てやんでえ,テヤンデエ,テヤンデエ
たもつ,1656,1656,5955,感動詞,*,*,*,*,*,たもつ,タモツ,タモツ
すらっと,3,3,6420,副詞,一般,*,*,*,*,すらっと,スラット,スラット
ごっつい,3,3,6420,副詞,一般,*,*,*,*,ごっつい,ゴッツイ,ゴッツイ
おいでー,1656,1656,5955,感動詞,*,*,*,*,*,おいでー,オイデー,オイデー
とー,269,269,4946,助詞,接続助詞,*,*,*,*,とー,トー,トー
こってこて,3,3,6420,副詞,一般,*,*,*,*,こってこて,コッテコテ,コッテコテ
すこっと,3,3,6420,副詞,一般,*,*,*,*,すこっと,スコット,スコット
がくんって,3,3,6420,副詞,一般,*,*,*,*,がくんって,ガクンッテ,ガクンッテ
がっしゃんって,3,3,6420,副詞,一般,*,*,*,*,がっしゃんって,ガッシャンッテ,ガッシャンッテ
正味,3,3,3528,副詞,一般,*,*,*,*,正味,ショウミ,ショーミ
あと,1657,1657,5486,接続詞,*,*,*,*,*,あと,アト,アト
あとは,1657,1657,5712,接続詞,*,*,*,*,*,あとは,アトハ,アトワ
いやいや,1656,1656,6636,感動詞,*,*,*,*,*,いやいや,イヤイヤ,イヤイヤ
やけど,1657,1657,5505,接続詞,*,*,*,*,*,やけど,ヤケド,ヤケド
ガチで,1656,1656,3281,感動詞,*,*,*,*,*,がちで,ガチデ,ガチデ
すっごい,3,3,6420,副詞,一般,*,*,*,*,すっごい,スッゴイ,スッゴイ
あとは,1657,1657,5712,接続詞,*,*,*,*,*,あとは,アトハ,アトハ
トントン,3,3,3981,副詞,一般,*,*,*,*,トントン,トントン,トントン
シー,1656,1656,3281,感動詞,*,*,*,*,*,シー,シー,シー
スルッと,3,3,3981,副詞,一般,*,*,*,*,スルッと,スルット,スルット
わっしゃあって,3,3,6420,副詞,一般,*,*,*,*,わっしゃあって,ワッシャアッテ,ワッシャアッテ
ピヨン,3,3,3981,副詞,一般,*,*,*,*,ピヨン,ピヨン,ピヨン
ピョン,3,3,3981,副詞,一般,*,*,*,*,ピョン,ピョン,ピョン
恋話,1457,1457,5924,名詞,サ変接続,*,*,*,*,恋話,恋話,恋話
デン,1656,1656,3368,感動詞,*,*,*,*,*,デン,デン,デン
ズボーンッて,3,3,3981,副詞,一般,*,*,*,*,ズボーンッて,ズボーンッテ,ズボーンッテ
ヒックって,3,3,3981,副詞,一般,*,*,*,*,ヒックって,ヒックッテ,ヒックッテ
チューチューチューチューチューチュー,1656,1656,3177,感動詞,*,*,*,*,*,チューチューチューチューチューチュー,チューチューチューチューチューチュー,チューチューチューチューチューチュー
爆泣,1457,1457,5924,名詞,サ変接続,*,*,*,*,爆泣,爆泣,爆泣
ポカーッと,3,3,3981,副詞,一般,*,*,*,*,ポカーッと,ポカーット,ポカーット
グルグルグルッと,3,3,3981,副詞,一般,*,*,*,*,グルグルグルッと,グルグルグルット,グルグルグルット
スカッと,3,3,3981,副詞,一般,*,*,*,*,スカッと,スカット,スカット
ピッピって,3,3,3981,副詞,一般,*,*,*,*,ピッピって,ピッピッテ,ピッピッテ
バチッて,3,3,3981,副詞,一般,*,*,*,*,バチッて,バチッテ,バチッテ
バコンと,3,3,3981,副詞,一般,*,*,*,*,バコンと,バコント,バコント
プップーって,3,3,3981,副詞,一般,*,*,*,*,プップーって,プップーッテ,プップーッテ
ガッシャーンて,3,3,3981,副詞,一般,*,*,*,*,ガッシャーンて,ガッシャーンテ,ガッシャーンテ
ラーララララララーラララ,1656,1656,3177,感動詞,*,*,*,*,*,ラーララララララーラララ,ラーララララララーラララ,ラーララララララーラララ
プアーッて,3,3,3981,副詞,一般,*,*,*,*,プアーッて,プアーッテ,プアーッテ
ぶすって,3,3,6420,副詞,一般,*,*,*,*,ぶすって,ブスッテ,ブスッテ
プシューッて,3,3,3981,副詞,一般,*,*,*,*,プシューッて,プシューッテ,プシューッテ
プルルッて,3,3,3981,副詞,一般,*,*,*,*,プルルッて,プルルッテ,プルルッテ
ボーンｯて,3,3,3981,副詞,一般,*,*,*,*,ボーンｯて,ボーンｯテ,ボーンｯテ
バアンッて,3,3,3981,副詞,一般,*,*,*,*,バアンッて,バアンッテ,バアンッテ
パチンと,3,3,3981,副詞,一般,*,*,*,*,パチンと,パチント,パチント
バーッ,3,3,3981,副詞,一般,*,*,*,*,バーッ,バーッ,バーッ
ガツンと,3,3,3981,副詞,一般,*,*,*,*,ガツンと,ガツント,ガツント
ストンと,3,3,3981,副詞,一般,*,*,*,*,ストンと,ストント,ストント
オラーッて,3,3,3981,副詞,一般,*,*,*,*,オラーッて,オラーッテ,オラーッテ
ピキッて,3,3,3981,副詞,一般,*,*,*,*,ピキッて,ピキッテ,ピキッテ
プチプチッと,3,3,3981,副詞,一般,*,*,*,*,プチプチッと,プチプチット,プチプチット
オエッて,3,3,3981,副詞,一般,*,*,*,*,オエッて,オエッテ,オエッテ
えぐっ,1656,1656,5955,感動詞,*,*,*,*,*,えぐっ,エグッ,エグッ
チョキンッて,3,3,3981,副詞,一般,*,*,*,*,チョキンッて,チョキンッテ,チョキンッテ
ういういって,3,3,6420,副詞,一般,*,*,*,*,ういういって,ウイウイッテ,ウイウイッテ
パーパーッて,3,3,3981,副詞,一般,*,*,*,*,パーパーッて,パーパーッテ,パーパーッテ
バヒャーンって,3,3,3981,副詞,一般,*,*,*,*,バヒャーンって,バヒャーンッテ,バヒャーンッテ
バーン,1656,1656,3177,感動詞,*,*,*,*,*,バーン,バーン,バーン
バー,1656,1656,3937,感動詞,*,*,*,*,*,バー,バー,バー
キャッキャー,1656,1656,3177,感動詞,*,*,*,*,*,キャッキャー,キャッキャー,キャッキャー
アー,1656,1656,3016,感動詞,*,*,*,*,*,アー,アー,アー
ウォッホッホッホー,1656,1656,3177,感動詞,*,*,*,*,*,ウォッホッホッホー,ウォッホッホッホー,ウォッホッホッホー
パタパタパタパター,1656,1656,3177,感動詞,*,*,*,*,*,パタパタパタパター,パタパタパタパター,パタパタパタパター
ビューて,3,3,3981,副詞,一般,*,*,*,*,ビューて,ビューテ,ビューテ
ビュビュって,3,3,3981,副詞,一般,*,*,*,*,ビュビュって,ビュビュッテ,ビュビュッテ
ウニュウニュウニュー,1656,1656,3177,感動詞,*,*,*,*,*,ウニュウニュウニュー,ウニュウニュウニュー,ウニュウニュウニュー
スポって,3,3,3981,副詞,一般,*,*,*,*,スポって,スポッテ,スポッテ
ズルズルズルズルズル,1656,1656,3177,感動詞,*,*,*,*,*,ズルズルズルズルズル,ズルズルズルズルズル,ズルズルズルズルズル
ポチョンって,3,3,3981,副詞,一般,*,*,*,*,ポチョンって,ポチョンッテ,ポチョンッテ
プリュプリューて,3,3,3981,副詞,一般,*,*,*,*,プリュプリューて,プリュプリューテ,プリュプリューテ
サクッと,3,3,3981,副詞,一般,*,*,*,*,サクッと,サクット,サクット
パー,1656,1656,2235,感動詞,*,*,*,*,*,パー,パー,パー
ねーん,1656,1656,5955,感動詞,*,*,*,*,*,ねーん,ネーン,ネーン
ドボンと,3,3,3981,副詞,一般,*,*,*,*,ドボンと,ドボント,ドボント
ガリガリガリ,1656,1656,3177,感動詞,*,*,*,*,*,ガリガリガリ,ガリガリガリ,ガリガリガリ
グキッて,3,3,3981,副詞,一般,*,*,*,*,グキッて,グキッテ,グキッテ
ヒーヒー,3,3,3981,副詞,一般,*,*,*,*,ヒーヒー,ヒーヒー,ヒーヒー
うっわ,1656,1656,5955,感動詞,*,*,*,*,*,うっわ,ウッワ,ウッワ
ブヨブヨ,1656,1656,3177,感動詞,*,*,*,*,*,ブヨブヨ,ブヨブヨ,ブヨブヨ
ー,1656,1656,6093,感動詞,*,*,*,*,*,ー,ー,ー
おいっ,1656,1656,5955,感動詞,*,*,*,*,*,おいっ,オイッ,オイッ
なよっと,3,3,6420,副詞,一般,*,*,*,*,なよっと,ナヨット,ナヨット
くっそ,1656,1656,5955,感動詞,*,*,*,*,*,くっそ,クッソ,クッソ
ターンターンタンターンタタンターンタンタタターン,1656,1656,3177,感動詞,*,*,*,*,*,ターンターンタンターンタタンターンタンタタターン,ターンターンタンターンタタンターンタンタタターン,ターンターンタンターンタタンターンタンタタターン
ターンタンターンタタン,1656,1656,3177,感動詞,*,*,*,*,*,ターンタンターンタタン,ターンタンターンタタン,ターンタンターンタタン
パーン,1656,1656,3177,感動詞,*,*,*,*,*,パーン,パーン,パーン
パーンパンパンパーンパパン,1656,1656,3177,感動詞,*,*,*,*,*,パーンパンパンパーンパパン,パーンパンパンパーンパパン,パーンパンパンパーンパパン
パーンパンパンパーン,1656,1656,3177,感動詞,*,*,*,*,*,パーンパンパンパーン,パーンパンパンパーン,パーンパンパンパーン
チカチカチカチカ,1656,1656,3177,感動詞,*,*,*,*,*,チカチカチカチカ,チカチカチカチカ,チカチカチカチカ
アイカンアイカンアイカンアイカン,1656,1656,3177,感動詞,*,*,*,*,*,アイカンアイカンアイカンアイカン,アイカンアイカンアイカンアイカン,アイカンアイカンアイカンアイカン
パルティパルティ,1656,1656,3177,感動詞,*,*,*,*,*,パルティパルティ,パルティパルティ,パルティパルティ
ズンズンチャズンズンチャ,1656,1656,3177,感動詞,*,*,*,*,*,ズンズンチャズンズンチャ,ズンズンチャズンズンチャ,ズンズンチャズンズンチャ
ポックシュンア,1656,1656,3177,感動詞,*,*,*,*,*,ポックシュンア,ポックシュンア,ポックシュンア
ビービー,1656,1656,3177,感動詞,*,*,*,*,*,ビービー,ビービー,ビービー
やんちゃ,0,0,0,名詞,サ変接続,*,*,*,*,やんちゃ,ヤンチャ,ヤンチャ
何遍も,0,0,0,副詞,一般,*,*,*,*,何偏も,ナンベンモ,ナンベンモ
何べんも,0,0,0,副詞,一般,*,*,*,*,何べんも,ナンベンモ,ナンベンモ
一遍,0,0,0,名詞,副詞可能,*,*,*,*,一遍,イッペン,イッペン
いっぺん,0,0,0,名詞,副詞可能,*,*,*,*,いっぺん,イッペン,イッペン
な,287,287,6750,助詞,接続助詞・縮約形,*,*,特殊・ナイ,*,な,ナ,ナ
